host,initial_url,status_code,length,redirect_count,final_url,redirect_chain
app.verilyme.com,https://app.verilyme.com,200,35635,0,https://app.verilyme.com,-
auth.verilyme.com,https://auth.verilyme.com,200,87947,1,https://verilyme.com/,https://auth.verilyme.com
click.email.verilyme.com,https://click.email.verilyme.com,403,1233,0,https://click.email.verilyme.com,-
click.verilyme.com,https://click.verilyme.com,404,9,0,https://click.verilyme.com,-
cloud.email.verilyme.com,https://cloud.email.verilyme.com,404,9,0,https://cloud.email.verilyme.com,-
dev-unstable.app.verilyme.com,https://dev-unstable.app.verilyme.com,200,908845,2,https://accounts.google.com/v3/signin/identifier?opparams=%253Fcred_ref%253Dtrue%2526hd%253Dverily.health&dsh=S672312769:1776515110627342&client_id=369001918367-t5qrahnqdaasaifvk6akpqkpjk9vli58.apps.googleusercontent.com&code_challenge=OEPuofJZyWG0lJhZNacDOVCW2tuZp3Xsy7X3UHL5Jec&code_challenge_method=S256&hd=verily.health&o2v=2&redirect_uri=https://iap.googleapis.com/v1/oauth/clientIds/369001918367-t5qrahnqdaasaifvk6akpqkpjk9vli58.apps.googleusercontent.com:handleRedirect&response_type=code&scope=openid+email&service=lso&state=AUKY-CwEEBPfEuSH8iZFDOPN-UDT7Xq7TPHJW6PEv6csBMLOiCOd0vuqxr1T2gnrUnqqSxh-FWKQDqr3gcuDSVIEA84wSZCvQNr9b4P2r7FjsP7JnD9iphm1kIz2QxAsX39Up1TgIZhyRfM8Wv-Bevud5Cmz3gYmZaLmlX9t45Y6rQNLOAewOWNWWTXAtXNgJk8WrvlJnbuHYMJhnBqkcl6pOtbZCqTDrFnw1OrkDgebUlsI9wM8_PVDKBGFyKqrBovn-TAs0odB5UWl74-rmdc-YNwEuTlnz-hF0p5IVTWP4KemcK2oSRco7HSk1opFMdmaTlHG3O5e1Dk40jAtrYLLnT0g5oODEhizxkaWWUdpI6KBx-bQjKwxvgS9PSRK0KqASsiKdsXKFVoT9GtuLfX85iDV44THwk1xu5pLbwQUfaq3t3n5tF1OOMuC3h7915ymXjxElvSNQ70Qhnd503bNvNDUYwYUa3UZkpqAGzWlf8jze16DTCvdDb6XBFNV70YIMxVKOujxcSOyICkTcFC9SCz8ZTb6DaRy85IjDFGpnB4MSUQFhohDtPa9cF-K-bP_29KRgndUB9JyS-TK_ef5qY9KO6lcoOLV7c0eslUPLf1Pv-XSxC_CugJ6eRXS3UNb7lyxMA6DUirgLF-UoxmI5wZ-v64jExTd_n4SjTC8Yu9PPCkODbTRXllSubcwi6lm77JmhVn-6j4ahIzuG-IAg8Tv0QlxvNy3SPoulieoY-YCUyI5z_I_zuxh-_GwZ22MgREuRQ33mQ63AeZkvFnXc1MuoxVJ6nE27s7QA6SyX5wwxO0fPsXs3BE6fi5TdxhkN99VqPO2qVKbZjP85oRmMlDXjxlNcaElhNdKd-lhnykhf9__UqdwvdogUchtXkN44S2KtVumoGSfBhtxs9VqkNIZ3L6M_SNbdqIEAqQ0I0iNYquVtre68MHK4r13uiQBr5aVD3whk4ZEqcachh7wc5B2lhkNV0_QOXLKGnky-7168iuhBFcw8RtbeNSI8TPL2SxeDpaIHOEC3TESV3-R1RcG5s0n81N_AydxRAqWWvIUcTLxvOF7529tA4Y5SHGeR8_b8QDbXsd6CSLmzQWXqI-mZvgl-LYlGxg0GcMVAPTmmseqXH5Ga4n3cfOR9K6xqSFamOTPSQkgRvniBXe3F39MtvRgPxkX8wm3Gt_pE7TGmPNXFkwumm_i&flowName=GeneralOAuthLite&continue=https://accounts.google.com/signin/oauth/legacy/consent?authuser%3Dunknown%26part%3DAJi8hAML3dFYwX7sEcwa1Z62l6POt_8mtX0Go6CCmSpF2PlieMkSV4mUIxX59hXVq91lOdysssoaeYIu6my9VAKPIXUP_ITQhw4YQpxjFw0e2JVl2w90NaYSs-bp_4iNlZjoEYLZzOFLbYt0iUxmJ8C0bnpPHmmr97MRs9j1urw9Gsb07MJxQ_e1hYUhk1xoSHxiw2BuqQO_MLHLixdY5Zl0v4gyAB78oxIBNf5_CUSNwDOcL3HbBsxIoRD0TboycihhkH4hTa1RLxv0poV5QP3ffS_FCFeLyllpv2rha7cbCjDBO9DdA3BwcLBqSPi3genOBkdevytCgiwky8kTR84jAESHXbNewaeerDbWQLprzGP4nluDRaxyJBLrroYuxqapbJ3tcBAh69vmiHbcbaLbAR8dNkanZwb5B1KYDTKgh8ZKGfk1-J2B40t7YdCT600cTV88NqQBuQ5i67aB9NW8Z1gwK27zUA%26flowName%3DGeneralOAuthFlow%26as%3DS672312769%253A1776515110627342%26client_id%3D369001918367-t5qrahnqdaasaifvk6akpqkpjk9vli58.apps.googleusercontent.com%23&app_domain=https://iap.googleapis.com&rart=ANgoxcfDQiw13WhFchJpVlAjQa9BuPasquqHAgoE8SDql34OhnvZalK9A1HEXCN5Zx0KNn0L7nLfxJviD0t-fbGvVwu8V9hsRp5-Sf3BpYYV1QT46jZsOJM,https://dev-unstable.app.verilyme.com -> https://accounts.google.com/o/oauth2/v2/auth?hd=verily.health&client_id=369001918367-t5qrahnqdaasaifvk6akpqkpjk9vli58.apps.googleusercontent.com&response_type=code&scope=openid+email&redirect_uri=https://iap.googleapis.com/v1/oauth/clientIds/369001918367-t5qrahnqdaasaifvk6akpqkpjk9vli58.apps.googleusercontent.com:handleRedirect&code_challenge=OEPuofJZyWG0lJhZNacDOVCW2tuZp3Xsy7X3UHL5Jec&code_challenge_method=S256&cred_ref=true&state=AUKY-CwEEBPfEuSH8iZFDOPN-UDT7Xq7TPHJW6PEv6csBMLOiCOd0vuqxr1T2gnrUnqqSxh-FWKQDqr3gcuDSVIEA84wSZCvQNr9b4P2r7FjsP7JnD9iphm1kIz2QxAsX39Up1TgIZhyRfM8Wv-Bevud5Cmz3gYmZaLmlX9t45Y6rQNLOAewOWNWWTXAtXNgJk8WrvlJnbuHYMJhnBqkcl6pOtbZCqTDrFnw1OrkDgebUlsI9wM8_PVDKBGFyKqrBovn-TAs0odB5UWl74-rmdc-YNwEuTlnz-hF0p5IVTWP4KemcK2oSRco7HSk1opFMdmaTlHG3O5e1Dk40jAtrYLLnT0g5oODEhizxkaWWUdpI6KBx-bQjKwxvgS9PSRK0KqASsiKdsXKFVoT9GtuLfX85iDV44THwk1xu5pLbwQUfaq3t3n5tF1OOMuC3h7915ymXjxElvSNQ70Qhnd503bNvNDUYwYUa3UZkpqAGzWlf8jze16DTCvdDb6XBFNV70YIMxVKOujxcSOyICkTcFC9SCz8ZTb6DaRy85IjDFGpnB4MSUQFhohDtPa9cF-K-bP_29KRgndUB9JyS-TK_ef5qY9KO6lcoOLV7c0eslUPLf1Pv-XSxC_CugJ6eRXS3UNb7lyxMA6DUirgLF-UoxmI5wZ-v64jExTd_n4SjTC8Yu9PPCkODbTRXllSubcwi6lm77JmhVn-6j4ahIzuG-IAg8Tv0QlxvNy3SPoulieoY-YCUyI5z_I_zuxh-_GwZ22MgREuRQ33mQ63AeZkvFnXc1MuoxVJ6nE27s7QA6SyX5wwxO0fPsXs3BE6fi5TdxhkN99VqPO2qVKbZjP85oRmMlDXjxlNcaElhNdKd-lhnykhf9__UqdwvdogUchtXkN44S2KtVumoGSfBhtxs9VqkNIZ3L6M_SNbdqIEAqQ0I0iNYquVtre68MHK4r13uiQBr5aVD3whk4ZEqcachh7wc5B2lhkNV0_QOXLKGnky-7168iuhBFcw8RtbeNSI8TPL2SxeDpaIHOEC3TESV3-R1RcG5s0n81N_AydxRAqWWvIUcTLxvOF7529tA4Y5SHGeR8_b8QDbXsd6CSLmzQWXqI-mZvgl-LYlGxg0GcMVAPTmmseqXH5Ga4n3cfOR9K6xqSFamOTPSQkgRvniBXe3F39MtvRgPxkX8wm3Gt_pE7TGmPNXFkwumm_i
dev-unstable.auth.verilyme.com,https://dev-unstable.auth.verilyme.com,403,16,0,https://dev-unstable.auth.verilyme.com,-
dev-unstable.enroll.verilyme.com,https://dev-unstable.enroll.verilyme.com,200,908989,2,https://accounts.google.com/v3/signin/identifier?opparams=%253Fcred_ref%253Dtrue%2526hd%253Dverily.health&dsh=S371231248:1776515110715954&client_id=369001918367-t5qrahnqdaasaifvk6akpqkpjk9vli58.apps.googleusercontent.com&code_challenge=qj9OqQsRjHjTuBCWP5aRImo_cRM4zwwRtk0gxX6IRLQ&code_challenge_method=S256&hd=verily.health&o2v=2&redirect_uri=https://iap.googleapis.com/v1/oauth/clientIds/369001918367-t5qrahnqdaasaifvk6akpqkpjk9vli58.apps.googleusercontent.com:handleRedirect&response_type=code&scope=openid+email&service=lso&state=AUKY-CwEYIJgh_lv49PMNbvvRUYOechRPewx-7_UcdWZyVmHITQjHOCxkBaxYbQGwKOQtOO-L8dQpjXssdRDNXbLU204qrgztZlbDlE89Vtti2bB-rb86t1wHZFVPSKA9peyuL8DHJz__8a1n36MQtWdCk7hwxrxeY6rPTZ1UlGxcRdz5giqPxlLj56n2QUcrlTslII1RIUG6NqzGxJHFcjqqaEcPjNL9EGrMICvkzblL6bXjAKGR3frUWMWiDi2A5GJgrfkp-r31_iL98ofuI_Nj0-DjHQZZwJnyXSVtMHNbakVh1gfdtQbzZfPqrOstFozcNLBs5GkKWL4jr0LzffH2KmSDKGEegJoBH_sp4OACABXjvM90h6UkG1BBDYeMbvriUQFNbYp9Sfb1KvLZafsPijONam_QA4SxvLfsyT4tLsrVrcU7ui_XeUWri7VWTleMYbRli0Bxz-Q9_28YYJ0NOAA20JzlQDJV4boG1PhO9apYkpGOIBmzY4Ki-PDUaOfVgNU0VMcanDA-XCKostWo4Rf5jX0T1Iu7ast-dGvgmM_e3qDb-DoejzuqXbAJhkLs9ArRx58dixcI8EAhSyh_p_TEBSRuQKWpXKgaWYSLPUNIHnSoaoKbF6rxwPzBnxPxcEUAzY9xVoGhjc6g4zTo3pEQ_cbEsLVJ-99PEn_G3-or6C1JLqNzXUrAqiBKlXld8JVOu9xLD1s2xxcbcb0UCFJR9tVxr8pD_ceUxx96GfaDkp2MMLZQUrYSHDYgxGEVeMrO1TrJ3yhR6vU7RyLFI1hiHC4m1Xiu37mu1Tg70D08z1Bke0ySUPyUTEkv-iFTz7yFJKEPy24rpzVILhGj37_XuDa9brdz4q4aAywXWIDbtVyb-5z4q4WIjQ1uIosiGDnVzzLSMXoElvGC_YDjVoxm0duGyXigAZnNFSPE2AkPQcw8Kfet_6aLAEDLK22xfzvjrhL5gbUVLzooMBQiuKP7O7wK1DAKMbw3QyoYuIgVgSd8CvkF2Tkjs0bqRxt0AQmT7mYCl6S5OgdhE2fy2dd1CR-GGzalZIUvTZSDytGPTI40Q35cSUhtyTpDKuZMa0k_tdZTtIraEn1GZjzde7-41MZd-onD2u7vlEKGetq-fAnP4W6gYLP6bZD7hIRET1C0RDIK-mM4QB_n_XOr1u8ojuorAxA8gper_44v56VCG3qG8cO7OwQiOmfgPbuPU6Eb85A&flowName=GeneralOAuthLite&continue=https://accounts.google.com/signin/oauth/legacy/consent?authuser%3Dunknown%26part%3DAJi8hAPBLcvO3WnlyiOz9p3hUN0yi-iU5E7ziwXKUoAE41k_lpRTFQYldWiw9a2TJZEPom-ad0FDUgAtMNdhOeig5ZuciyGLoYGeVyAwc8b8b24Fw6CNs-3IifFwHZdb46fxJ6WENYRV5nfbcwk8J123mpPnvU91ku7lwu54A5sqd8g4Ewy5kNTLQUiTWur9r-ZGZUsPzQYln7o7ZVV4Tf7g56eQOvwrvM4vkuAIuumYgzmL66Tzl6OjMJE5xskOyczYjQp3BefDqFMtPKuQ98gaoKZSo_NcqUUaz_EuU7geHZrd2lWzaHzY_Uq8fx0EtvPadUK5fp68zBYfGxjr_f6VnVzVF82hesGut77XAsQcikFOkr81ULxpb8TJ7xKfEpLs-75R6gNYGxqvI-JCHc33d-vmCbEGmaiUm55_7eY1enAUPjqGD13tEIPcxrUF0godmJeiRQT2vdKtUNNXTQgg8HXISzUkVQ%26flowName%3DGeneralOAuthFlow%26as%3DS371231248%253A1776515110715954%26client_id%3D369001918367-t5qrahnqdaasaifvk6akpqkpjk9vli58.apps.googleusercontent.com%23&app_domain=https://iap.googleapis.com&rart=ANgoxcfo0vDopdyqQTlf7HX5HD6Yt-vvR_XKLH-oBqh84_doEyPZi3TsZ0jodbf4s19keoBE1LMcXomJtTYGGyBQKhZpW7u5Abo0yqxmhBAqBsR2p42xA_A,https://dev-unstable.enroll.verilyme.com -> https://accounts.google.com/o/oauth2/v2/auth?hd=verily.health&client_id=369001918367-t5qrahnqdaasaifvk6akpqkpjk9vli58.apps.googleusercontent.com&response_type=code&scope=openid+email&redirect_uri=https://iap.googleapis.com/v1/oauth/clientIds/369001918367-t5qrahnqdaasaifvk6akpqkpjk9vli58.apps.googleusercontent.com:handleRedirect&code_challenge=qj9OqQsRjHjTuBCWP5aRImo_cRM4zwwRtk0gxX6IRLQ&code_challenge_method=S256&cred_ref=true&state=AUKY-CwEYIJgh_lv49PMNbvvRUYOechRPewx-7_UcdWZyVmHITQjHOCxkBaxYbQGwKOQtOO-L8dQpjXssdRDNXbLU204qrgztZlbDlE89Vtti2bB-rb86t1wHZFVPSKA9peyuL8DHJz__8a1n36MQtWdCk7hwxrxeY6rPTZ1UlGxcRdz5giqPxlLj56n2QUcrlTslII1RIUG6NqzGxJHFcjqqaEcPjNL9EGrMICvkzblL6bXjAKGR3frUWMWiDi2A5GJgrfkp-r31_iL98ofuI_Nj0-DjHQZZwJnyXSVtMHNbakVh1gfdtQbzZfPqrOstFozcNLBs5GkKWL4jr0LzffH2KmSDKGEegJoBH_sp4OACABXjvM90h6UkG1BBDYeMbvriUQFNbYp9Sfb1KvLZafsPijONam_QA4SxvLfsyT4tLsrVrcU7ui_XeUWri7VWTleMYbRli0Bxz-Q9_28YYJ0NOAA20JzlQDJV4boG1PhO9apYkpGOIBmzY4Ki-PDUaOfVgNU0VMcanDA-XCKostWo4Rf5jX0T1Iu7ast-dGvgmM_e3qDb-DoejzuqXbAJhkLs9ArRx58dixcI8EAhSyh_p_TEBSRuQKWpXKgaWYSLPUNIHnSoaoKbF6rxwPzBnxPxcEUAzY9xVoGhjc6g4zTo3pEQ_cbEsLVJ-99PEn_G3-or6C1JLqNzXUrAqiBKlXld8JVOu9xLD1s2xxcbcb0UCFJR9tVxr8pD_ceUxx96GfaDkp2MMLZQUrYSHDYgxGEVeMrO1TrJ3yhR6vU7RyLFI1hiHC4m1Xiu37mu1Tg70D08z1Bke0ySUPyUTEkv-iFTz7yFJKEPy24rpzVILhGj37_XuDa9brdz4q4aAywXWIDbtVyb-5z4q4WIjQ1uIosiGDnVzzLSMXoElvGC_YDjVoxm0duGyXigAZnNFSPE2AkPQcw8Kfet_6aLAEDLK22xfzvjrhL5gbUVLzooMBQiuKP7O7wK1DAKMbw3QyoYuIgVgSd8CvkF2Tkjs0bqRxt0AQmT7mYCl6S5OgdhE2fy2dd1CR-GGzalZIUvTZSDytGPTI40Q35cSUhtyTpDKuZMa0k_tdZTtIraEn1GZjzde7-41MZd-onD2u7vlEKGetq-fAnP4W6gYLP6bZD7hIRET1C0RDIK-mM4QB_n_XOr1u8ojuorAxA8gper_44v56VCG3qG8cO7OwQiOmfgPbuPU6Eb85A
dev-unstable.login.verilyme.com,https://dev-unstable.login.verilyme.com,200,909153,2,https://accounts.google.com/v3/signin/identifier?opparams=%253Fcred_ref%253Dtrue%2526hd%253Dverily.health&dsh=S-433336098:1776515110665863&client_id=369001918367-t5qrahnqdaasaifvk6akpqkpjk9vli58.apps.googleusercontent.com&code_challenge=t9xXDrCr-0IpfaqsqfHAAUYl4HqXZGUViY02ceRJub0&code_challenge_method=S256&hd=verily.health&o2v=2&redirect_uri=https://iap.googleapis.com/v1/oauth/clientIds/369001918367-t5qrahnqdaasaifvk6akpqkpjk9vli58.apps.googleusercontent.com:handleRedirect&response_type=code&scope=openid+email&service=lso&state=AUKY-CwEj7DdtwkmksBKMWLH9FkZbgBRtWZfjJxp8VlnsFWLpEoRDHv5W6305LXtc4HRkMnmyHkAZQjvmVslECMx-s2OYk--3kFv0fR7ksTCaSKdqIXr8q4EfFWINltNCBi510VPYXgoyls27jQYfpdtgi28Zn8Tj9kFVtNGnGXcVU3yNFfWeDgk5EzJId5AXUrKWdcddHw9sO0420ro6VhMzY6sv7N4HPntsKJhStPLrb4Ta0XquVlT5I-y1C5v3xC8ey1iN9lyiq2fY52M2q_eR-yJE_6jZqcgDJmi3Wo0xZlM_7fgSgPKCqBoPgrkBL-GOnLKaKxqqHK5z-Lirj2B6bQbuljNqHf9pyMcQzs-qdFD0o9sdHL7_6ngab-lyYXe-4ywxioZD5LN0GO-bdeRGqGR26WNAZN0ile5aBbLE1itIb5AJCy8QsW82KhJyCWjnst7xREeAxPzA3N-T3pmgvGo7lQ8RihX_rvbMoPBKbpTVol0vM6eyxwduWkbfUu_lJFxzelwRqFazKsUOesVr9ZktGKVsIo07awVv2Qijo5RWToG-qf9Hci5l3QaX9smMcxX_AyXeXdah-dkKBmhCWWFqOb6WukUsTrImQKG_qRdgiVPYZg2CV65VPQ978i7WdPrSCrHsbY1FoN9IkQ1nyYkrMvgjT_32VH8bAqZdpNvnZttqyur4j2XnCo1yzwL0OcKDdHGSV3fOGCMoMS68ywCDIhDf5BrgK852JVxxrvNXrl6eS5QeJ5tgkZFXLYyT9og8QnhO9kzga0cLhIZd1dSXUw4ztRDJD1ja-8OZSUw1XE6S291Q1TreyiyNpo8mFxdUlYX1sGz4f7-tZ6Cv1JDey41cXRAz3CEgZ1rjHYJ1xmqChqCPHuaoGabGAk92oujNdvilot8_rpjMAUpk0fj1w-flMJHQ1puHdp1plQRzinxmfdaGbetuCKArDDXphdCvjA-qGcqGHZJJcqmm9SOLSA9OMtrCw5XjhgBfAG985sOS5lK1DVDsy_ltYwm0M0Iyp4xAKj1A6NCWGR7DLUKy26RD6YJZrFhefAc0W6f5iuynISNOPQp0JB27b6Oql5yxX0JavwB5QVYdoQwt3Y5trcKOl5EWaJCa4GajXpqKTjIfiFhVpnimYyNU6THA1XCp18aBzp5bhUFhH0WD7hUbVM_rc4puydIuDs_cBO3NiQAjcFWdNl6SWJ2LdNElZ8&flowName=GeneralOAuthLite&continue=https://accounts.google.com/signin/oauth/legacy/consent?authuser%3Dunknown%26part%3DAJi8hAPhaH3z3ukVAekE9Hw1atGKJp9sofEPgVGIwuAP7HhEYGIt3y1bNUDCHfkVtJFJTJwAShSSB22qF7FNQzmaS2VwUDXPB2KyWlh5c9fd1Dupm0UjseYvI24IRIpkT1Nx-XjArszJWYWJO33ek75mviOSUiEcXD0_d3SbGNztEB1U-6FJaE1MVNqJJYYXCkwZiy00iYDVyjleet9HCgEaRR1KXY_a-RgT9UZ61NJu677PO1HBn-SP66SSlY4YJls2wSwzvBttGJhOplcwMzE9dYuPZAqZKsq8YvRs4Bo_Zc5vGwYA2Gffr9sqfabXsP0PyoMe4s1lhhaH5FWtuziANVrcxJwwekoPR-_8SNTw4UlLmxqZw3bOOnSTM3MuGraQm3ZZlB7HGUKb68cwFAxLdttONSdeLvdNptd366R4kt2FwhARny_-q8Li-KEUqO47FO2I-Wl3e_b8185fEivLbO3EWSQweQ%26flowName%3DGeneralOAuthFlow%26as%3DS-433336098%253A1776515110665863%26client_id%3D369001918367-t5qrahnqdaasaifvk6akpqkpjk9vli58.apps.googleusercontent.com%23&app_domain=https://iap.googleapis.com&rart=ANgoxceSwEmiY2s7MXfn0s_YRWHOID_bcBrr5DEwxVu7UxXcNRGCuSHvy8aviRccXhnt3B40jhK4YqK4I0v1wqk0sqDrz_x2JmJCiggoHzgpH2wsWy61Cp4,https://dev-unstable.login.verilyme.com -> https://accounts.google.com/o/oauth2/v2/auth?hd=verily.health&client_id=369001918367-t5qrahnqdaasaifvk6akpqkpjk9vli58.apps.googleusercontent.com&response_type=code&scope=openid+email&redirect_uri=https://iap.googleapis.com/v1/oauth/clientIds/369001918367-t5qrahnqdaasaifvk6akpqkpjk9vli58.apps.googleusercontent.com:handleRedirect&code_challenge=t9xXDrCr-0IpfaqsqfHAAUYl4HqXZGUViY02ceRJub0&code_challenge_method=S256&cred_ref=true&state=AUKY-CwEj7DdtwkmksBKMWLH9FkZbgBRtWZfjJxp8VlnsFWLpEoRDHv5W6305LXtc4HRkMnmyHkAZQjvmVslECMx-s2OYk--3kFv0fR7ksTCaSKdqIXr8q4EfFWINltNCBi510VPYXgoyls27jQYfpdtgi28Zn8Tj9kFVtNGnGXcVU3yNFfWeDgk5EzJId5AXUrKWdcddHw9sO0420ro6VhMzY6sv7N4HPntsKJhStPLrb4Ta0XquVlT5I-y1C5v3xC8ey1iN9lyiq2fY52M2q_eR-yJE_6jZqcgDJmi3Wo0xZlM_7fgSgPKCqBoPgrkBL-GOnLKaKxqqHK5z-Lirj2B6bQbuljNqHf9pyMcQzs-qdFD0o9sdHL7_6ngab-lyYXe-4ywxioZD5LN0GO-bdeRGqGR26WNAZN0ile5aBbLE1itIb5AJCy8QsW82KhJyCWjnst7xREeAxPzA3N-T3pmgvGo7lQ8RihX_rvbMoPBKbpTVol0vM6eyxwduWkbfUu_lJFxzelwRqFazKsUOesVr9ZktGKVsIo07awVv2Qijo5RWToG-qf9Hci5l3QaX9smMcxX_AyXeXdah-dkKBmhCWWFqOb6WukUsTrImQKG_qRdgiVPYZg2CV65VPQ978i7WdPrSCrHsbY1FoN9IkQ1nyYkrMvgjT_32VH8bAqZdpNvnZttqyur4j2XnCo1yzwL0OcKDdHGSV3fOGCMoMS68ywCDIhDf5BrgK852JVxxrvNXrl6eS5QeJ5tgkZFXLYyT9og8QnhO9kzga0cLhIZd1dSXUw4ztRDJD1ja-8OZSUw1XE6S291Q1TreyiyNpo8mFxdUlYX1sGz4f7-tZ6Cv1JDey41cXRAz3CEgZ1rjHYJ1xmqChqCPHuaoGabGAk92oujNdvilot8_rpjMAUpk0fj1w-flMJHQ1puHdp1plQRzinxmfdaGbetuCKArDDXphdCvjA-qGcqGHZJJcqmm9SOLSA9OMtrCw5XjhgBfAG985sOS5lK1DVDsy_ltYwm0M0Iyp4xAKj1A6NCWGR7DLUKy26RD6YJZrFhefAc0W6f5iuynISNOPQp0JB27b6Oql5yxX0JavwB5QVYdoQwt3Y5trcKOl5EWaJCa4GajXpqKTjIfiFhVpnimYyNU6THA1XCp18aBzp5bhUFhH0WD7hUbVM_rc4puydIuDs_cBO3NiQAjcFWdNl6SWJ2LdNElZ8
dev-unstable.mobile.verilyme.com,https://dev-unstable.mobile.verilyme.com,200,908876,2,https://accounts.google.com/v3/signin/identifier?opparams=%253Fcred_ref%253Dtrue%2526hd%253Dverily.health&dsh=S-484220745:1776515110714462&client_id=369001918367-t5qrahnqdaasaifvk6akpqkpjk9vli58.apps.googleusercontent.com&code_challenge=t3yQWE9ZMShgGQnu0rwOAyYWnQNDNBd0xTvs16lwHBQ&code_challenge_method=S256&hd=verily.health&o2v=2&redirect_uri=https://iap.googleapis.com/v1/oauth/clientIds/369001918367-t5qrahnqdaasaifvk6akpqkpjk9vli58.apps.googleusercontent.com:handleRedirect&response_type=code&scope=openid+email&service=lso&state=AUKY-CwEyH7w45rZHj8w7bg3woyu9fx1oF-2cJck7newlUF0BQLcVUKSYOuEKbEQ0hmAr5Ncy0wNn-iyfKqZuKWvcVtZfDnwELwVFt1AgVsitd6e-yoRuS3wI12CQRxbBFKMZDm9VV7CwL7-XQGQM-CqKvYKcbsOhPanJYJy4hdYjxSuRbLDRo3zAcbmW6C8IF7ewL1LvdMcZdk5fUNZSnw6Dfex9lQlqNWgq8XeNowH5wcEFff-7gCwxIUlVr23c95BFqdlaYWrhG5bEMsqPM8xRrkp56W8upTEVkrvb2jHnRgfBFdC45puz5V1aF1KCC6firgfRL9kg5EuYKbUdpFiBX2wICBMuw-t6R9Xc2KB2NtmzX5vUH4TtukJj-qDbwHt9zcm_2wUPwS-yZAHfxAMVE-f8EzlGOtDUlywSXUifUBDVHTsJ6WhS2wZhll_dZn3n5qrzr343R9dyQZGw5GJ_m3bGUHHgWCLbR1FAbmPfs-mcaqPXFLrogzermncGGT72yq5RxjcjgF-MZkRFzr3gG95VIU8zwv0jDAI9_aL07B8ohGDnLb0cK_jypZMmwRLHxn2KuduwKKa0BTASAcVQBBObFVtUDCP2VlZqQgjCkBJMlyvJ69vHk3hEcJG42ZnCQtKll3Lq-O1hLryvQar1fYQQfbRXajT3f0C99X4LUBKRS9iIs_jV3Y_ZwCxJW9P7anlIExk9jneQR9ePonhmYnuTm86afyqy13dRyNRiUVUHeGyTjlYDiG5KN7cBKt27OtwPwlJKXMeZag9msK620_KA3yTsAm4sqhMg-SGcsJfuTXhY2m1fFqB2GVSmfi7p5dEmZV_rvgaCnI_FFJ8kOOZw5InIpO9EGjZJqWK4huzWb4Z21k9JnF8wg6wN7plbiLnl_Px9JiWykv4gQBrv8qkOZBDLlch5x3yiZMhjEcjShKXbH2V0zNBImuRIFaIvsvm69qGHLqb7mzWe6Fu0d8cfFiuRvY10yM4Sf5OYtxANxdaLpwn3s4uONHmm6fZcZC3S_9flo3CEQT8_eXjH0rOAg1mP5fvSJ0wip6HunESM9lyyT7tddxW7aTuwJXWfM4Heb0ZNLhsOgkkghAmEDe3bNgQbG_q3TK4brSuYsCHv4zmx71yh33UZcPq7JyaLoIJRAFsUGZkhKsaD9jiz-Vz1EyUdyuH7yYN7vx2Io0wyCs4BAC8FIHuCHoR9n4iYXQZNuy-&flowName=GeneralOAuthLite&continue=https://accounts.google.com/signin/oauth/legacy/consent?authuser%3Dunknown%26part%3DAJi8hAPA8VCLwlVPE7GFlNSbSdW9ifb1Ne-ipRIHG87ycX1Iic9ly9poOcRaIv0WmP3knO1FwWMIVCD1FpA3YxWsPvIrOobcJTIuCCP6p-U4brSx4b8eLvXHvzYrrJHv1n0XgnqQZ6QKpOCqAsOtzXn3TZImu5J24RHRYLCSbUuLHbLvwOegSaMSPkzomQrtwjxoedQGSGKzfPpSgvfrIemFUfF2G6IDXSz1e-i88EZYH84B31MyHuYdTS6Pc7zY2sk9QaiFvZ1EcyqmL-_Pw7F2bTCELO_U5i7oFO9ODWDN8OESzYyb5yLl4jJ7UoqX-upXV0UUTV0XoBtsAs4iE8SuY0gPt4NhHA57M_I1dR2BFupWozSn9mnhFV5Z_QAXVk1BmIUTz9vAfc1DQMLWU1Bsq15i4fBX_vcODiNXBOmkUMygrUqhiRjm1uRxi8mBc1YRytN-rUs8jKVI92JKZsKXkSzyD8BQbg%26flowName%3DGeneralOAuthFlow%26as%3DS-484220745%253A1776515110714462%26client_id%3D369001918367-t5qrahnqdaasaifvk6akpqkpjk9vli58.apps.googleusercontent.com%23&app_domain=https://iap.googleapis.com&rart=ANgoxce8m051iZQ9ReZVcuNhVo79PuOimbQ9e0lt37cY_GIwY0IRgD6KIlc1-Wq6gX-CXrvfusIkUacAHB3sc27PUbFBk4tbtEhQuKGdeQYaUmmby1WQ8cw,https://dev-unstable.mobile.verilyme.com -> https://accounts.google.com/o/oauth2/v2/auth?hd=verily.health&client_id=369001918367-t5qrahnqdaasaifvk6akpqkpjk9vli58.apps.googleusercontent.com&response_type=code&scope=openid+email&redirect_uri=https://iap.googleapis.com/v1/oauth/clientIds/369001918367-t5qrahnqdaasaifvk6akpqkpjk9vli58.apps.googleusercontent.com:handleRedirect&code_challenge=t3yQWE9ZMShgGQnu0rwOAyYWnQNDNBd0xTvs16lwHBQ&code_challenge_method=S256&cred_ref=true&state=AUKY-CwEyH7w45rZHj8w7bg3woyu9fx1oF-2cJck7newlUF0BQLcVUKSYOuEKbEQ0hmAr5Ncy0wNn-iyfKqZuKWvcVtZfDnwELwVFt1AgVsitd6e-yoRuS3wI12CQRxbBFKMZDm9VV7CwL7-XQGQM-CqKvYKcbsOhPanJYJy4hdYjxSuRbLDRo3zAcbmW6C8IF7ewL1LvdMcZdk5fUNZSnw6Dfex9lQlqNWgq8XeNowH5wcEFff-7gCwxIUlVr23c95BFqdlaYWrhG5bEMsqPM8xRrkp56W8upTEVkrvb2jHnRgfBFdC45puz5V1aF1KCC6firgfRL9kg5EuYKbUdpFiBX2wICBMuw-t6R9Xc2KB2NtmzX5vUH4TtukJj-qDbwHt9zcm_2wUPwS-yZAHfxAMVE-f8EzlGOtDUlywSXUifUBDVHTsJ6WhS2wZhll_dZn3n5qrzr343R9dyQZGw5GJ_m3bGUHHgWCLbR1FAbmPfs-mcaqPXFLrogzermncGGT72yq5RxjcjgF-MZkRFzr3gG95VIU8zwv0jDAI9_aL07B8ohGDnLb0cK_jypZMmwRLHxn2KuduwKKa0BTASAcVQBBObFVtUDCP2VlZqQgjCkBJMlyvJ69vHk3hEcJG42ZnCQtKll3Lq-O1hLryvQar1fYQQfbRXajT3f0C99X4LUBKRS9iIs_jV3Y_ZwCxJW9P7anlIExk9jneQR9ePonhmYnuTm86afyqy13dRyNRiUVUHeGyTjlYDiG5KN7cBKt27OtwPwlJKXMeZag9msK620_KA3yTsAm4sqhMg-SGcsJfuTXhY2m1fFqB2GVSmfi7p5dEmZV_rvgaCnI_FFJ8kOOZw5InIpO9EGjZJqWK4huzWb4Z21k9JnF8wg6wN7plbiLnl_Px9JiWykv4gQBrv8qkOZBDLlch5x3yiZMhjEcjShKXbH2V0zNBImuRIFaIvsvm69qGHLqb7mzWe6Fu0d8cfFiuRvY10yM4Sf5OYtxANxdaLpwn3s4uONHmm6fZcZC3S_9flo3CEQT8_eXjH0rOAg1mP5fvSJ0wip6HunESM9lyyT7tddxW7aTuwJXWfM4Heb0ZNLhsOgkkghAmEDe3bNgQbG_q3TK4brSuYsCHv4zmx71yh33UZcPq7JyaLoIJRAFsUGZkhKsaD9jiz-Vz1EyUdyuH7yYN7vx2Io0wyCs4BAC8FIHuCHoR9n4iYXQZNuy-
dev.app.verilyme.com,https://dev.app.verilyme.com,200,908197,2,https://accounts.google.com/v3/signin/identifier?opparams=%253Fcred_ref%253Dtrue%2526hd%253Dverily.health&dsh=S1461207500:1776515110706924&client_id=369001918367-t5qrahnqdaasaifvk6akpqkpjk9vli58.apps.googleusercontent.com&code_challenge=0vqnHAzosTYgvjyZJpCrmMPwznvsEkgOkUpdemJ9_uY&code_challenge_method=S256&hd=verily.health&o2v=2&redirect_uri=https://iap.googleapis.com/v1/oauth/clientIds/369001918367-t5qrahnqdaasaifvk6akpqkpjk9vli58.apps.googleusercontent.com:handleRedirect&response_type=code&scope=openid+email&service=lso&state=AUKY-CwE3wb7-k01cS1ToBUYqsgaw1YiHrdeIGDx1Pq_RGpFuzJp1QiUaZbEZ1GjOgcSEHYUjn2juUvtMGibsgPIHlCMj2Xnsy8ERu6e8QdnfBBynHehrY101qVMBzOWCgLRpu78cBBFNO9kIv-f3CGPSRu8fAliPw1C2ad8eCRPqqX10NKzaWpMb9gHc92eBj7_dn497CcbkxmLhpSkFyUJ0KeAsFpx41EVzFfHO6ZMdHtHW-S4tOPGGBJyMTwoXRLgAX4pgPZS295KMLG4QsAAFbfYVP6zfZQ29lprPgivYRLsNdNVd3ctlk-BW1jfVx9Hoosgab0fOKs0uMjhpLaBCGL-OGWq8MtpJVOP36VipWbj_MPRf8rXMa1PX6K47gZeViY1JkW6ouIoZDZV1_eBjG80pvPB-5cvSUswKGpLqCUnxDfyj5xK94aulYN6hvOqfXc7Dd-DQREkIPGt6zIxA_UBRevNV6nbnXsndEtYwh3JBa_ELwYZ0BQsHbiFkhJF87gLWJtDMTTxC5-ziZ3HnafI0qFxn9h7JQjxYM_ZFbifx6IWTZGwaDOowZeGpQ41QYBXh2l1erhWENIabDcGbZNliq3uzG2RFF-RtXBON9G5Q1r9g_jtiDJCYJFisyNG6cjWQZSsdfI3w0QzydwTh4ZrGPAfEmkYwQj2wrsEwrg3-4-hv2UQXxqExwM0QP7LH9PukDZu7wU2oxhoTvK6S-pA9mxtXI08n-FPmsZZy_PT4EXm1jR3Mb0GGyZ2GAVauCQ6iUwm57u5DA5MkR9MyhjjiW_zC4mwBziZoKzQc8U0suSSb16DKFbdGFRRrnSYmuG5MVztL4MJzsgWq-g1-ibqWKucowDOg9CZsQpWCTVcePSB3irbk9cZkn-z1uUETruBV2A4is5lRV-ErTgz90TE-MUDtKkiw1sSP-7ap71uavTUQDCelGry27AUAtwCEZTjOWuga817WEuUF5waHx6V0PCaS9qxe9T_nFvi_7DRp-GB_tA68BKav5z1xIfCIcOOJ5SgfQ-UxtwxoHxQ1iUi21EMut-CR4uY3A--gkIwYIQpmDcw4bgPm81K-ecDKugXWHPmeJXpOenfvpYtZj4I80ml1SXT4Xh4ikJKKHy-dvxlH8XiJTxbTlFRzOEFPaKpH5BB&flowName=GeneralOAuthLite&continue=https://accounts.google.com/signin/oauth/legacy/consent?authuser%3Dunknown%26part%3DAJi8hAN6vodqi0TR5qb4ZdDGR5EkI88YwJvwGzHH5Yf7psd1RDpTenznLu9XWsNKkSRdaJWrMJ_0oL80ta5hEf5UXHKz1chMw_31fbvXqY4bO9TwLE_F88Mb8vKtRhdB5ikMmkJr20PM3R3opaDKZ8XPeq4-_a_uq9dfQnyxl9dho8JMx5C7b7kByE5p-l2cOeGHHUet3kHXtfw-fiJ6EKWIQe5uAEmxi6scgQ2rcvmS6Ft4S3ZoFpMQZBsB94AoSZUBN0yqnYPeYaHrl6Yerl9PGPADP8Hz5mqDs8ireQorORxFLhHBdSJ5MtZTzSfYLB_yohx77dTe3ua3yzb_IqxaWWoGtWtb7ZY8sFQLXFNtkdeKoUinMP6rFyGgajphYmL5KuK_zQ-y2UxPv7q2m987nEmZD01vN_fUTgD68-QsQwFf-snhiWnyvifnCccomfzFMD3Ff9YO7wraftrxrEnMpnxkBrGBuw%26flowName%3DGeneralOAuthFlow%26as%3DS1461207500%253A1776515110706924%26client_id%3D369001918367-t5qrahnqdaasaifvk6akpqkpjk9vli58.apps.googleusercontent.com%23&app_domain=https://iap.googleapis.com&rart=ANgoxccdtf0u69sokSc_-UsmZnM8Fm6nAx1tjRa3VhaC7qIW0BzTAH2HS985_KE5OROx_0AgiKps2SE9xm0GfJPQpV97CsTFOiHBHFIEbYSnUIbuECAwBLA,https://dev.app.verilyme.com -> https://accounts.google.com/o/oauth2/v2/auth?hd=verily.health&client_id=369001918367-t5qrahnqdaasaifvk6akpqkpjk9vli58.apps.googleusercontent.com&response_type=code&scope=openid+email&redirect_uri=https://iap.googleapis.com/v1/oauth/clientIds/369001918367-t5qrahnqdaasaifvk6akpqkpjk9vli58.apps.googleusercontent.com:handleRedirect&code_challenge=0vqnHAzosTYgvjyZJpCrmMPwznvsEkgOkUpdemJ9_uY&code_challenge_method=S256&cred_ref=true&state=AUKY-CwE3wb7-k01cS1ToBUYqsgaw1YiHrdeIGDx1Pq_RGpFuzJp1QiUaZbEZ1GjOgcSEHYUjn2juUvtMGibsgPIHlCMj2Xnsy8ERu6e8QdnfBBynHehrY101qVMBzOWCgLRpu78cBBFNO9kIv-f3CGPSRu8fAliPw1C2ad8eCRPqqX10NKzaWpMb9gHc92eBj7_dn497CcbkxmLhpSkFyUJ0KeAsFpx41EVzFfHO6ZMdHtHW-S4tOPGGBJyMTwoXRLgAX4pgPZS295KMLG4QsAAFbfYVP6zfZQ29lprPgivYRLsNdNVd3ctlk-BW1jfVx9Hoosgab0fOKs0uMjhpLaBCGL-OGWq8MtpJVOP36VipWbj_MPRf8rXMa1PX6K47gZeViY1JkW6ouIoZDZV1_eBjG80pvPB-5cvSUswKGpLqCUnxDfyj5xK94aulYN6hvOqfXc7Dd-DQREkIPGt6zIxA_UBRevNV6nbnXsndEtYwh3JBa_ELwYZ0BQsHbiFkhJF87gLWJtDMTTxC5-ziZ3HnafI0qFxn9h7JQjxYM_ZFbifx6IWTZGwaDOowZeGpQ41QYBXh2l1erhWENIabDcGbZNliq3uzG2RFF-RtXBON9G5Q1r9g_jtiDJCYJFisyNG6cjWQZSsdfI3w0QzydwTh4ZrGPAfEmkYwQj2wrsEwrg3-4-hv2UQXxqExwM0QP7LH9PukDZu7wU2oxhoTvK6S-pA9mxtXI08n-FPmsZZy_PT4EXm1jR3Mb0GGyZ2GAVauCQ6iUwm57u5DA5MkR9MyhjjiW_zC4mwBziZoKzQc8U0suSSb16DKFbdGFRRrnSYmuG5MVztL4MJzsgWq-g1-ibqWKucowDOg9CZsQpWCTVcePSB3irbk9cZkn-z1uUETruBV2A4is5lRV-ErTgz90TE-MUDtKkiw1sSP-7ap71uavTUQDCelGry27AUAtwCEZTjOWuga817WEuUF5waHx6V0PCaS9qxe9T_nFvi_7DRp-GB_tA68BKav5z1xIfCIcOOJ5SgfQ-UxtwxoHxQ1iUi21EMut-CR4uY3A--gkIwYIQpmDcw4bgPm81K-ecDKugXWHPmeJXpOenfvpYtZj4I80ml1SXT4Xh4ikJKKHy-dvxlH8XiJTxbTlFRzOEFPaKpH5BB
dev.auth.verilyme.com,https://dev.auth.verilyme.com,200,87947,2,https://verilyme.com/,https://dev.auth.verilyme.com -> https://auth.verilyme.com/
dev.click.verilyme.com,https://dev.click.verilyme.com,200,908496,2,https://accounts.google.com/v3/signin/identifier?opparams=%253Fcred_ref%253Dtrue%2526hd%253Dverily.health&dsh=S-2129850062:1776515110795974&client_id=369001918367-t5qrahnqdaasaifvk6akpqkpjk9vli58.apps.googleusercontent.com&code_challenge=z47JpD_XJUv_DOe5MfHIAeq17joRXwNFbYpG91RjNks&code_challenge_method=S256&hd=verily.health&o2v=2&redirect_uri=https://iap.googleapis.com/v1/oauth/clientIds/369001918367-t5qrahnqdaasaifvk6akpqkpjk9vli58.apps.googleusercontent.com:handleRedirect&response_type=code&scope=openid+email&service=lso&state=AUKY-CwEV4aNxq508liXEVnWoExhzfSZTK6_E2jgCK5FzfuYUerpWOcP_4KGvGyQAk3152x86hd1kcspJgKEll2CPmbKbWmpuh5AmL3axDzCWpDQlKbMxluBFW8nYi_ft6gvRTeVQ9MlkZ87HmWBA-WbraeoFNnqbw9GRXvLUBO66gzMDQp7MOZ_u4fN7A7dTws-a2WhDkXtqkPiq1V-v5ly9wh5hANt12s_5OSNXikB4r4qkT9yNC2vCyqA3pzIcfrgbFfg-xqbSqFPwfIVHx3L3kaVCMXnrCcDq9pEb35_i0S0snfxQ4cm6sFQYdhiLrSAFofOosKJcQ6o4gzGUs7Y6pzro6O0CLB_FythtpLiChVlcPtgA7akTODviwtGVDn9XE9zu4qUGL5AnbA0AFDCOk0LO5EAe4LJZl8LqhThPK1XPBFqTpFExy1SYDqbITYcrd1lU2dxYHTn3rDpsTtYEjiUkhx5KVkcZtlCEliCyyQzo781VSXVJv2f7-bDuTR-WJnrOf_Q10CkRhTvdndhR0p030zoPEIIlj9hNB10kxWoM96xuC-5olrbZ3cqYqVMwoez8e2EriHVEaD_v4HgKJ9SP15fLHI--VDrthIPk59aUB42FJDp38h-Hz3ZORisa5RucKhdhl52fpWJVjR2RqudVVM483bVkF25PTZ2EfmiJypF4G1Bjzvz-CdYK_aMJg2GuJB5WDHNGsr_sfIdkkUxJWM6wdxOlIaQphaUr1dJ07AT1u2McCR6ShAHewiHkqSFQUAfuSOC-aPsm_jn52-yP6ouRpj8V1mxABc53iJR4HJ9Iy35yTbXVMfcQibLFowY3jok5qanwRVuD3Uvj-MCINTJ_t9WQL-3DwGnEHwAiaKw0imTubGV4PYa1JFE1c2bQw8k-JvKr66SodLtLKDYpqnIMn6DXhUJVXaxa0feCxATIs2yIVePxnfTQh2oM8jSL-eeTg3CCYfJ6Z8iGeF6ihlGFhqIZ_uDWNQ7d4y18S209SFCfM2Omjn0h2G60PEYQDU-1v2EhVKdul5TopI3gtaLQSLfKO_Wyr6H0cGVv7jAylaG0JwASbjwVbnAMoVO_TNC_QRAIeCLVODYxB_zPf4RX0TtqOz25zxzAHCbYP889CCGZs8GCGSw9Qk1PNiK44wL2f4TLLJEOLU&flowName=GeneralOAuthLite&continue=https://accounts.google.com/signin/oauth/legacy/consent?authuser%3Dunknown%26part%3DAJi8hAOG0ZhF2tiL-4KqvRsoAcRbmZy4Z2ql3RzVsqZcm1HZ3YRo0p86QcntccyQa1pkjDQLd8zYBsypFs0Nhb96Y6PIy83oLCcLbtkWVqXAZ2ZhrWs7C25BV6SkLB1YOku1nnTAWnQe3RJ6XXit93mTfcFFCzEYS2oa4pcOEvh-bu7koUs-NojaQlmeQ6BN40oodeW9la7y2n3XkN8THBy1MUxxENsqNgopRdXNzOIkNUV7_tNU8Y3NFewIYBskr10_ModSPH9QW5WndtYCgEuF5asLewiC4T6Ncjr03KyWBMt0lJ_KTEkaKI730AEVDaq-FhnN_J3E_bAWmU7eBeZ9D60m8W9Gga5WkDpC2G51hrS2o_qO5BcMfRgp0PQMOWFLYSWEQc5whZzROFVm77DUTJjSS6AqF06Rit1mH9Su_MR-aUZyNCFjuf6yecvVR5k5M4w0cTDC4lvsV8YwHxm_U_7JpIL5bg%26flowName%3DGeneralOAuthFlow%26as%3DS-2129850062%253A1776515110795974%26client_id%3D369001918367-t5qrahnqdaasaifvk6akpqkpjk9vli58.apps.googleusercontent.com%23&app_domain=https://iap.googleapis.com&rart=ANgoxcfPHFFvHShlOuoBoRE6f4rKrL3Gmye5AK7TMk_IzzEOXcNdlz8V4OA03YDBfeXo5eDwRyQMJjKEKljrbSL4lPXIJROvofkNcuyak5-znWQnkk1HWBo,https://dev.click.verilyme.com -> https://accounts.google.com/o/oauth2/v2/auth?hd=verily.health&client_id=369001918367-t5qrahnqdaasaifvk6akpqkpjk9vli58.apps.googleusercontent.com&response_type=code&scope=openid+email&redirect_uri=https://iap.googleapis.com/v1/oauth/clientIds/369001918367-t5qrahnqdaasaifvk6akpqkpjk9vli58.apps.googleusercontent.com:handleRedirect&code_challenge=z47JpD_XJUv_DOe5MfHIAeq17joRXwNFbYpG91RjNks&code_challenge_method=S256&cred_ref=true&state=AUKY-CwEV4aNxq508liXEVnWoExhzfSZTK6_E2jgCK5FzfuYUerpWOcP_4KGvGyQAk3152x86hd1kcspJgKEll2CPmbKbWmpuh5AmL3axDzCWpDQlKbMxluBFW8nYi_ft6gvRTeVQ9MlkZ87HmWBA-WbraeoFNnqbw9GRXvLUBO66gzMDQp7MOZ_u4fN7A7dTws-a2WhDkXtqkPiq1V-v5ly9wh5hANt12s_5OSNXikB4r4qkT9yNC2vCyqA3pzIcfrgbFfg-xqbSqFPwfIVHx3L3kaVCMXnrCcDq9pEb35_i0S0snfxQ4cm6sFQYdhiLrSAFofOosKJcQ6o4gzGUs7Y6pzro6O0CLB_FythtpLiChVlcPtgA7akTODviwtGVDn9XE9zu4qUGL5AnbA0AFDCOk0LO5EAe4LJZl8LqhThPK1XPBFqTpFExy1SYDqbITYcrd1lU2dxYHTn3rDpsTtYEjiUkhx5KVkcZtlCEliCyyQzo781VSXVJv2f7-bDuTR-WJnrOf_Q10CkRhTvdndhR0p030zoPEIIlj9hNB10kxWoM96xuC-5olrbZ3cqYqVMwoez8e2EriHVEaD_v4HgKJ9SP15fLHI--VDrthIPk59aUB42FJDp38h-Hz3ZORisa5RucKhdhl52fpWJVjR2RqudVVM483bVkF25PTZ2EfmiJypF4G1Bjzvz-CdYK_aMJg2GuJB5WDHNGsr_sfIdkkUxJWM6wdxOlIaQphaUr1dJ07AT1u2McCR6ShAHewiHkqSFQUAfuSOC-aPsm_jn52-yP6ouRpj8V1mxABc53iJR4HJ9Iy35yTbXVMfcQibLFowY3jok5qanwRVuD3Uvj-MCINTJ_t9WQL-3DwGnEHwAiaKw0imTubGV4PYa1JFE1c2bQw8k-JvKr66SodLtLKDYpqnIMn6DXhUJVXaxa0feCxATIs2yIVePxnfTQh2oM8jSL-eeTg3CCYfJ6Z8iGeF6ihlGFhqIZ_uDWNQ7d4y18S209SFCfM2Omjn0h2G60PEYQDU-1v2EhVKdul5TopI3gtaLQSLfKO_Wyr6H0cGVv7jAylaG0JwASbjwVbnAMoVO_TNC_QRAIeCLVODYxB_zPf4RX0TtqOz25zxzAHCbYP889CCGZs8GCGSw9Qk1PNiK44wL2f4TLLJEOLU
dev.enroll.verilyme.com,https://dev.enroll.verilyme.com,200,908687,2,https://accounts.google.com/v3/signin/identifier?opparams=%253Fcred_ref%253Dtrue%2526hd%253Dverily.health&dsh=S-1207044960:1776515110791145&client_id=369001918367-t5qrahnqdaasaifvk6akpqkpjk9vli58.apps.googleusercontent.com&code_challenge=TwlT7ax3-w78ogh2i-bqzdqwEMw9KjSpWQs7CPA7vNE&code_challenge_method=S256&hd=verily.health&o2v=2&redirect_uri=https://iap.googleapis.com/v1/oauth/clientIds/369001918367-t5qrahnqdaasaifvk6akpqkpjk9vli58.apps.googleusercontent.com:handleRedirect&response_type=code&scope=openid+email&service=lso&state=AUKY-CwEJNv9U2L09vd6R6l-Sng7jLmeNpu4EaoPI3cJN2htRZYWCTX_LJ5th-LuGAebJiG-1-UNIZSrAXC7jipskdxlY2L39OWeZDWbJxzY_enWiT9eb9NEVOZ0IipV-FLO7BpS_JtYkpQ6G5jADoGCqEsmymVUaCWAsUuCRp_U0NwnA6iFuZhjS4f8SMxfUJHvPqrStYZM23Lq1En74hWTmgECvPqUVUCD8brfQ-h7pTlQ46YcD3EGLnRdBxb_pn8xNRwvOS79ZZcqStf155D1pAFzo5hQTsxc_-a3vrxwR4qtt0OV02ZGNUyffmWGdE6n1p16d_ccgNl0bnhSsFt_bP5jn08CZW5ol1rc_vhWmRrz0OoeCmgecAQYhjGBAaw5HBnlQ0h4zU0KwmSjh6y-uXZfApn9op-ZmsyuDBvTiPNfQTnW_ba31va8HudtDMTf-fgC4oLCo3rKb9kQ_D8PHerlckNTmR1KjffM3v_XHNLxCmcKkESAliZEKnuqe1NvqAYf7I1kxogUgacQ_rgEvUdSFWMGKurHZ_wWCNwaJccTX-RrysJ6q6adJPQB_taPb2XQplGD-QpqAaCCj_YnefCAeQOrfOZ3E5k41OlslqWtdW2F3J0H1yGm03qnq83zFzEZ1xUr0O7OiQFYiXKjLfxsUN4moYT7ji9igogmCVKRCM-JaELYWoEDnFtGgUEfIe93ZE7um2SgKtUPG8GS4jwn6OhNdrUV5nqDhvNsTXxUQ0vL8TsizS-TBunQLB-V09gin78OXJXJ3KfpZPNgS6SjkKlG4csNOLh22hXCIm7MQ9cYnEL1ExKFwSYIMqgGN-wXC0JGIMQy4yyQhvgXfsyUBVCItobcxmqKYoyb4Fpeqphk7rItn1jGJWbJBDa8Kulu0f4LiFzolajZiGV8ou25qJc0X1vBjcL4uUarHm4gXrlQYcGD9DXtB5pEW7SSDl4LEFhDwjk8hUqhbGcuU0qGofmPwuvtajvWDl466Xf8fS_pcm8s3wbFKN1AQSxgKpHe2koCmvIqaI0lxgS6Wl3A8nFN-AfqpGEyXqhGHoU1DUGxthDmBhv0v3nePK4m1KbKWuJJVI8zRzkmlEbFj6p4_aQfi-jWt_TQkImEigqpmMB157HqLg3yVbM9sYU1xO4DOz0QvXcUmM19cteK2Rw0&flowName=GeneralOAuthLite&continue=https://accounts.google.com/signin/oauth/legacy/consent?authuser%3Dunknown%26part%3DAJi8hAOvTFJIklUAbdw9hW3I5ygVFIp9Mgv7EvYjcRH_J3bpq4XyDV3J_2yR4qWacooDKnEZzmuLjyBpCgiRjokeiFjq9-Udalx54G51fxHra8i5qvdkIcIXd2UZ0CFORxmbv59vk7GSQDRoHs7qZAfoOVSs-cZWStebX8f8CIVFsTSF8RlbCG5_gMZN51lSr8FvccZkt7NxT_ALcAjzHHG5BqILZaXy3W4a3RPuk5f-VALeh0KYfhgjeuOC1ESo8RkfODgrWhi5IgQ2CtYnPRxbHuMkxFOBdP1wzfvb_Xx6wUxkV5qTe_nE3xGIy-NDpnuZJ5XICznWCMEUj1-Yoh4aMhp0n_bW1JePKc-qfhhbcYccV6JjvcBshHwAC3uKkT2NGP5CEIEJe_Zq5acNqQSVbBXiZRlojh35enJk59hC0xb4xnaKZb2NqT-6J0ukctFm9sddUpvkNqIy_kkKbsltbj79P3WPLQ%26flowName%3DGeneralOAuthFlow%26as%3DS-1207044960%253A1776515110791145%26client_id%3D369001918367-t5qrahnqdaasaifvk6akpqkpjk9vli58.apps.googleusercontent.com%23&app_domain=https://iap.googleapis.com&rart=ANgoxcep68EElpJcCGvjn0eko94-OviBxvcZAsD76sTkpldn2ok-yN-8Qq8hIM-YuCS8qTZmJUFN-TynLMDJTg3at76LAqDyqZnj3aXuJR2ID7fesVuohgg,https://dev.enroll.verilyme.com -> https://accounts.google.com/o/oauth2/v2/auth?hd=verily.health&client_id=369001918367-t5qrahnqdaasaifvk6akpqkpjk9vli58.apps.googleusercontent.com&response_type=code&scope=openid+email&redirect_uri=https://iap.googleapis.com/v1/oauth/clientIds/369001918367-t5qrahnqdaasaifvk6akpqkpjk9vli58.apps.googleusercontent.com:handleRedirect&code_challenge=TwlT7ax3-w78ogh2i-bqzdqwEMw9KjSpWQs7CPA7vNE&code_challenge_method=S256&cred_ref=true&state=AUKY-CwEJNv9U2L09vd6R6l-Sng7jLmeNpu4EaoPI3cJN2htRZYWCTX_LJ5th-LuGAebJiG-1-UNIZSrAXC7jipskdxlY2L39OWeZDWbJxzY_enWiT9eb9NEVOZ0IipV-FLO7BpS_JtYkpQ6G5jADoGCqEsmymVUaCWAsUuCRp_U0NwnA6iFuZhjS4f8SMxfUJHvPqrStYZM23Lq1En74hWTmgECvPqUVUCD8brfQ-h7pTlQ46YcD3EGLnRdBxb_pn8xNRwvOS79ZZcqStf155D1pAFzo5hQTsxc_-a3vrxwR4qtt0OV02ZGNUyffmWGdE6n1p16d_ccgNl0bnhSsFt_bP5jn08CZW5ol1rc_vhWmRrz0OoeCmgecAQYhjGBAaw5HBnlQ0h4zU0KwmSjh6y-uXZfApn9op-ZmsyuDBvTiPNfQTnW_ba31va8HudtDMTf-fgC4oLCo3rKb9kQ_D8PHerlckNTmR1KjffM3v_XHNLxCmcKkESAliZEKnuqe1NvqAYf7I1kxogUgacQ_rgEvUdSFWMGKurHZ_wWCNwaJccTX-RrysJ6q6adJPQB_taPb2XQplGD-QpqAaCCj_YnefCAeQOrfOZ3E5k41OlslqWtdW2F3J0H1yGm03qnq83zFzEZ1xUr0O7OiQFYiXKjLfxsUN4moYT7ji9igogmCVKRCM-JaELYWoEDnFtGgUEfIe93ZE7um2SgKtUPG8GS4jwn6OhNdrUV5nqDhvNsTXxUQ0vL8TsizS-TBunQLB-V09gin78OXJXJ3KfpZPNgS6SjkKlG4csNOLh22hXCIm7MQ9cYnEL1ExKFwSYIMqgGN-wXC0JGIMQy4yyQhvgXfsyUBVCItobcxmqKYoyb4Fpeqphk7rItn1jGJWbJBDa8Kulu0f4LiFzolajZiGV8ou25qJc0X1vBjcL4uUarHm4gXrlQYcGD9DXtB5pEW7SSDl4LEFhDwjk8hUqhbGcuU0qGofmPwuvtajvWDl466Xf8fS_pcm8s3wbFKN1AQSxgKpHe2koCmvIqaI0lxgS6Wl3A8nFN-AfqpGEyXqhGHoU1DUGxthDmBhv0v3nePK4m1KbKWuJJVI8zRzkmlEbFj6p4_aQfi-jWt_TQkImEigqpmMB157HqLg3yVbM9sYU1xO4DOz0QvXcUmM19cteK2Rw0
dev.login.verilyme.com,https://dev.login.verilyme.com,200,908299,3,https://accounts.google.com/v3/signin/identifier?opparams=%253Fcred_ref%253Dtrue%2526hd%253Dverily.health&dsh=S-433336098:1776515111139199&client_id=369001918367-t5qrahnqdaasaifvk6akpqkpjk9vli58.apps.googleusercontent.com&code_challenge=E9vN-9l8E8O2or_R2Sltglkssj_du2A8ZqJawXhJ0vA&code_challenge_method=S256&hd=verily.health&o2v=2&redirect_uri=https://iap.googleapis.com/v1/oauth/clientIds/369001918367-t5qrahnqdaasaifvk6akpqkpjk9vli58.apps.googleusercontent.com:handleRedirect&response_type=code&scope=openid+email&service=lso&state=AUKY-CwEcxktbCBgAUTlmftwpagpkyctVdaAhOBj0xS_muLb_874m8SxiVCYpdSRdf7mtNRBt6kAk0sCIr8DAEvBu4z69N5OmtQh_5Pqcy0tpofNPFkILsAdtjYV48PV8U2azZf01ZcmaiY2XeSqc4PMgubPU-jAYjLe6bZiSgd7i4xzaSOWl9p_-nrjxrghMO5xzyP7batPSbW69bqkC06TBZ5828BNOcNwUh_Ml7vajW_xh34TdGT7QWz1HH4oB_nPk5Hyud2A0bUOYdwUi6-L94UHF6FYta4TcLKmeKJmdVzRGZvAmdNhW7HiDkZjF8Infm-QIM1kaa0HUwXYeb6MPDFM4y_e-gCeyNad5Eg8VcHSgCqAxul-p1ngMYUEyS9kloYmzZ-6BJmneFpuc9dfoTuTZLaJFLsxP8H3InLnSNYOrSd7ATtNGfGUc0WUnYl60jSUzGW5GBBZcJClFyZZNffJhyGx6R-kpmfHRavRc5OUrxVK3gGrBbKmVHt-c2Eg181cAqKICjT6TIZ25tkhlTD5X1D3JU4pXXV-AfpyJxd7btZDAMfjaVL9eZH8pyL_PB3lMhgWfUyWwZu9Td2J24PQ3FEtL5oZd-rFVqXhvvIPU9EsZruwpAAlTA8M2IuEzXl5JOzfUAyLqpmqz2eAs73zHAKj_eOzT6Vd0Rr9ISR1mX2MVKooZuCa0aEkXupTtjFlGo74Jd_TvYUFuQKxH0-3ALocL2XevPDhWrzB37wuiJtSKtugiY-Y3a-mxkgmkhmWcB2zXXfgQNuNdbpoh-SRqBfTemaYGx019ge7IwhXy1y8jy5mJqoVZYTzootPAIigVVUvaOFBuAwYQUjT3c6f2Dv01_y09A-QQXi1MUxaTFY4uzO4PwpCxi3KG3lzQJMkFZouE0ckMkr6y80MTXa2jrV-fKwnjUlMk8SHm2peZt3sGGyByznfBijmVWCcbEPj0O_Ju_3NIJrqXB1I8MP-E5YT4Pk172oiwRa-hYv_OyFlqQKUJaQIf0eKV6qDHFWvPS8-OmBcGAJ68pnUzuz1Ji_-unQSuZ7BxN9wKY08tVQtuPS98JdGPLWpj_tzLez9vBiJZxy4RBUad2hq3vGG29Fs1czeUnt7ktXOb62suYiSDhQWXMCqf928FC5kbLui5Hop&flowName=GeneralOAuthLite&continue=https://accounts.google.com/signin/oauth/legacy/consent?authuser%3Dunknown%26part%3DAJi8hAMOz6nhvQoFY1nQSU-oUEaQuTeNVTzyEVzazxsYoc9-g0-0iDc1F7eL8Lg-RQ5U4TWytMGhM6uxSLcLNzbtyvyxtHh-leE9TUb26d4P80gFVglXr6tt9Sh8fXL9nLHX_OuMTDdxm8WFl8qpEJ9VDrbleQZ_0TXxpSEHSqETOS3aKnAmR7N2YwbYV7VQ12wlrsveYqMyA-Xm4QT02GDN4k3DUG1r172HeyGWd5wKKy0JX9-a8Jdoih2hk6PdOhOClYkOmyouXgotSoTn09bgOZTnldwgs10wvz9wBckvfFJ4N86woBXKiHaXFzQ9ypH05K0dcLbp_dohjTfn6c5AvHb012wcSwewbIT6sFVunbZ6k5rsQ2MaaOwmex9yuhGS1ndktZMiqvnYERfM2yzBgcwLwkEMFzc99S4yGs-eidDwqXAPqHP86yiWd57F-dMD6sTUbO1myyR6f6poYG71mFgNnAbmPQ%26flowName%3DGeneralOAuthFlow%26as%3DS-433336098%253A1776515111139199%26client_id%3D369001918367-t5qrahnqdaasaifvk6akpqkpjk9vli58.apps.googleusercontent.com%23&app_domain=https://iap.googleapis.com&rart=ANgoxcdU1GJEZlIpB59ZspIeS9A5LIG6ntnRtipfJmurITV1qlJp1VvWAHBXW5D99O65lZgRbXlGlVMCe_x3-C8wyCPghkpkwhV-v_A4mwMC_nz3d57DhkA,https://dev.login.verilyme.com -> https://dev.app.verilyme.com/ -> https://accounts.google.com/o/oauth2/v2/auth?hd=verily.health&client_id=369001918367-t5qrahnqdaasaifvk6akpqkpjk9vli58.apps.googleusercontent.com&response_type=code&scope=openid+email&redirect_uri=https://iap.googleapis.com/v1/oauth/clientIds/369001918367-t5qrahnqdaasaifvk6akpqkpjk9vli58.apps.googleusercontent.com:handleRedirect&code_challenge=E9vN-9l8E8O2or_R2Sltglkssj_du2A8ZqJawXhJ0vA&code_challenge_method=S256&cred_ref=true&state=AUKY-CwEcxktbCBgAUTlmftwpagpkyctVdaAhOBj0xS_muLb_874m8SxiVCYpdSRdf7mtNRBt6kAk0sCIr8DAEvBu4z69N5OmtQh_5Pqcy0tpofNPFkILsAdtjYV48PV8U2azZf01ZcmaiY2XeSqc4PMgubPU-jAYjLe6bZiSgd7i4xzaSOWl9p_-nrjxrghMO5xzyP7batPSbW69bqkC06TBZ5828BNOcNwUh_Ml7vajW_xh34TdGT7QWz1HH4oB_nPk5Hyud2A0bUOYdwUi6-L94UHF6FYta4TcLKmeKJmdVzRGZvAmdNhW7HiDkZjF8Infm-QIM1kaa0HUwXYeb6MPDFM4y_e-gCeyNad5Eg8VcHSgCqAxul-p1ngMYUEyS9kloYmzZ-6BJmneFpuc9dfoTuTZLaJFLsxP8H3InLnSNYOrSd7ATtNGfGUc0WUnYl60jSUzGW5GBBZcJClFyZZNffJhyGx6R-kpmfHRavRc5OUrxVK3gGrBbKmVHt-c2Eg181cAqKICjT6TIZ25tkhlTD5X1D3JU4pXXV-AfpyJxd7btZDAMfjaVL9eZH8pyL_PB3lMhgWfUyWwZu9Td2J24PQ3FEtL5oZd-rFVqXhvvIPU9EsZruwpAAlTA8M2IuEzXl5JOzfUAyLqpmqz2eAs73zHAKj_eOzT6Vd0Rr9ISR1mX2MVKooZuCa0aEkXupTtjFlGo74Jd_TvYUFuQKxH0-3ALocL2XevPDhWrzB37wuiJtSKtugiY-Y3a-mxkgmkhmWcB2zXXfgQNuNdbpoh-SRqBfTemaYGx019ge7IwhXy1y8jy5mJqoVZYTzootPAIigVVUvaOFBuAwYQUjT3c6f2Dv01_y09A-QQXi1MUxaTFY4uzO4PwpCxi3KG3lzQJMkFZouE0ckMkr6y80MTXa2jrV-fKwnjUlMk8SHm2peZt3sGGyByznfBijmVWCcbEPj0O_Ju_3NIJrqXB1I8MP-E5YT4Pk172oiwRa-hYv_OyFlqQKUJaQIf0eKV6qDHFWvPS8-OmBcGAJ68pnUzuz1Ji_-unQSuZ7BxN9wKY08tVQtuPS98JdGPLWpj_tzLez9vBiJZxy4RBUad2hq3vGG29Fs1czeUnt7ktXOb62suYiSDhQWXMCqf928FC5kbLui5Hop
dev.mobile.verilyme.com,https://dev.mobile.verilyme.com,404,9,0,https://dev.mobile.verilyme.com,-
enroll.verilyme.com,https://enroll.verilyme.com,200,17934,0,https://enroll.verilyme.com,-
image.email.verilyme.com,https://image.email.verilyme.com,403,382,0,https://image.email.verilyme.com,-
localdev.auth.verilyme.com,https://localdev.auth.verilyme.com,404,9,0,https://localdev.auth.verilyme.com,-
login.verilyme.com,https://login.verilyme.com,200,35635,1,https://app.verilyme.com/,https://login.verilyme.com
mobile.verilyme.com,https://mobile.verilyme.com,404,9,0,https://mobile.verilyme.com,-
support.verilyme.com,https://support.verilyme.com,200,259844,2,https://support.verilyme.com/kb/en,https://support.verilyme.com -> https://support.verilyme.com/kb
test.app.verilyme.com,https://test.app.verilyme.com,200,908414,2,https://accounts.google.com/v3/signin/identifier?opparams=%253Fcred_ref%253Dtrue%2526hd%253Dverily.health&dsh=S203187124:1776515111101998&client_id=369001918367-t5qrahnqdaasaifvk6akpqkpjk9vli58.apps.googleusercontent.com&code_challenge=CDkD4WtdKylFi2UrFx0k4IbKy9klGhD5U1l3INwGhjI&code_challenge_method=S256&hd=verily.health&o2v=2&redirect_uri=https://iap.googleapis.com/v1/oauth/clientIds/369001918367-t5qrahnqdaasaifvk6akpqkpjk9vli58.apps.googleusercontent.com:handleRedirect&response_type=code&scope=openid+email&service=lso&state=AUKY-CwEnqDqDudKKInIaotnBltkvAiSjszc-9puJedaVEfVQyA5ih4ufcG1DP9GSnn5isGlxlgQxbmZXjTrd2NAjia4r4J-HtOOeIGz5S8MVFC821zPP8mGCeFHckA9b8x6mqEZy1IPTPyvA9T2KBcFxHddx7e1fCIX85VcDXYgWQrsRyBZyou7FJnXwG4Al-7VCzzVOELzHyFzOz3SSBgXRQl0f5VLv-flVkOIho8NPXZY2Gs1mfqPzOZd84FkH0c37Ug2JZ9-Dgmda7OE0vttCxhyJfuQXu5xZx1R0iTS4iFONIvRp06s0gi-B_mj61d6RTwftsvzhZrYSr2RJm3OUKm6d3BmW8XT9gGN3vZxnyludheRA6u5sVQhlXUCAODGkqmnRAXy32VgFQEM3ucxOqwxiokump47DtkA94OoqCXt67EYlPgTRPgKAfNV4cEHoXU9-ZtgFr4_2wGd_tO3po9ffXmHnA_vldQpzMRIALw6-Sbi81kbhdzxWNILUpbX3SYULbZ_QFx8ozCryTJ4JcExUXsGNBfDBuUTm88SjWKok9zwIHgpN2vqeq-bKvzYHpIHFy0iw7Fd9XyyMkuC34vgBwpgw1w0bNeNfm6EzO6hLou09hXTZ2GNJRio9DC661GKWcJQP9FMirgx0kkXO-Ov2iuVWaxNRECRijKfSnAnLXvaz1G33O8Xo8o_tXSlus7YZWJm5I6yOPnTY8xNymq883iW6jEBy2BZIggXyQ_q72jh0fYdrCT1b5GyihK-qZUqDF746F2OT4E-tk25z7Gtv_SOFewtPOdxQKiAinawnIX_V-DgqaarAOBU4uRXgJ0vqf8Lq_5quy4zuqKHKXoWV20kMxk3lUL38z5liJzlEStuMpTkPdf0A9QuPdfxFVSeHHlh8LAEty0bbeM89xNUMeQ4qD0q9P-aZdx751YAvw-G6jUzPJAMOO2VmO_MxlmAZUxsWH8dLS97TtMDTVHMG9ig1rJGp1kbEJmaCJq6dEB-BT-NTfw7gdlcRnlPrQkZ0tkqyJLS0TM6YHf3_ID1ZhtUUBACAQjIUBp2r8bAiHr8LiXiBtb2FXyu2Y4E-ikrZ0gcFxCic67otw7g0UexMUfEjdk0yhu4zXwivh7lqxgjb5MEHyrrqfSLr8g6aVPiqysPjKYvXg&flowName=GeneralOAuthLite&continue=https://accounts.google.com/signin/oauth/legacy/consent?authuser%3Dunknown%26part%3DAJi8hAPkrnaoL9lF6Q20-VNweLQfpfzr-WFN2Z3wLhad60SdcoA6ooC87JARv-EEmhFvNKOIvrHxur-C884EJcbjP83LqDjqTZ5xVFY9P0F1iT4s84enT4vSq1pWh0Em5kFDIuaAFO4An_gDYQRN81l17RnQ5Dtj6FpO2_MSuDIT0DTONYa20FD2mzMjypJPS-UQak_T3Drnoy_UYkOvy3x1ZX3rzjVg8n-gPS7MdJjAdIH9RlPf8_ukADjLrhML4Kw2_8S4l0PehEP7sZ1vI2cXIyHf9aMUpAG4-5vvmUtLZ-Upbt-QHUUMaOdD_TB5NdOAM8suKV7rixQ7dsQC7oPoujxNj_bFlBBP_8Xc1gcmt8Vlg9HCCTb3hPVRInoTxTembFdkfkDs-9jDdNRM3JPpO8U54kbuHdo5ytBgaCO4RZaSWanaxjwJVlPRsOsCzTyviKYjMABs0LNxGeFW7AGcwMiU59tmpg%26flowName%3DGeneralOAuthFlow%26as%3DS203187124%253A1776515111101998%26client_id%3D369001918367-t5qrahnqdaasaifvk6akpqkpjk9vli58.apps.googleusercontent.com%23&app_domain=https://iap.googleapis.com&rart=ANgoxccZaYK4lS165PaOB3CXYdUM3g2kswgjhKSkgDvnhmWjYRhx62CQOJBIxgjwzVYp1wkXqgg9fMox8wZpBsDHOEbeZobYbdh_lJq-wmE3dLaT1LLEwow,https://test.app.verilyme.com -> https://accounts.google.com/o/oauth2/v2/auth?hd=verily.health&client_id=369001918367-t5qrahnqdaasaifvk6akpqkpjk9vli58.apps.googleusercontent.com&response_type=code&scope=openid+email&redirect_uri=https://iap.googleapis.com/v1/oauth/clientIds/369001918367-t5qrahnqdaasaifvk6akpqkpjk9vli58.apps.googleusercontent.com:handleRedirect&code_challenge=CDkD4WtdKylFi2UrFx0k4IbKy9klGhD5U1l3INwGhjI&code_challenge_method=S256&cred_ref=true&state=AUKY-CwEnqDqDudKKInIaotnBltkvAiSjszc-9puJedaVEfVQyA5ih4ufcG1DP9GSnn5isGlxlgQxbmZXjTrd2NAjia4r4J-HtOOeIGz5S8MVFC821zPP8mGCeFHckA9b8x6mqEZy1IPTPyvA9T2KBcFxHddx7e1fCIX85VcDXYgWQrsRyBZyou7FJnXwG4Al-7VCzzVOELzHyFzOz3SSBgXRQl0f5VLv-flVkOIho8NPXZY2Gs1mfqPzOZd84FkH0c37Ug2JZ9-Dgmda7OE0vttCxhyJfuQXu5xZx1R0iTS4iFONIvRp06s0gi-B_mj61d6RTwftsvzhZrYSr2RJm3OUKm6d3BmW8XT9gGN3vZxnyludheRA6u5sVQhlXUCAODGkqmnRAXy32VgFQEM3ucxOqwxiokump47DtkA94OoqCXt67EYlPgTRPgKAfNV4cEHoXU9-ZtgFr4_2wGd_tO3po9ffXmHnA_vldQpzMRIALw6-Sbi81kbhdzxWNILUpbX3SYULbZ_QFx8ozCryTJ4JcExUXsGNBfDBuUTm88SjWKok9zwIHgpN2vqeq-bKvzYHpIHFy0iw7Fd9XyyMkuC34vgBwpgw1w0bNeNfm6EzO6hLou09hXTZ2GNJRio9DC661GKWcJQP9FMirgx0kkXO-Ov2iuVWaxNRECRijKfSnAnLXvaz1G33O8Xo8o_tXSlus7YZWJm5I6yOPnTY8xNymq883iW6jEBy2BZIggXyQ_q72jh0fYdrCT1b5GyihK-qZUqDF746F2OT4E-tk25z7Gtv_SOFewtPOdxQKiAinawnIX_V-DgqaarAOBU4uRXgJ0vqf8Lq_5quy4zuqKHKXoWV20kMxk3lUL38z5liJzlEStuMpTkPdf0A9QuPdfxFVSeHHlh8LAEty0bbeM89xNUMeQ4qD0q9P-aZdx751YAvw-G6jUzPJAMOO2VmO_MxlmAZUxsWH8dLS97TtMDTVHMG9ig1rJGp1kbEJmaCJq6dEB-BT-NTfw7gdlcRnlPrQkZ0tkqyJLS0TM6YHf3_ID1ZhtUUBACAQjIUBp2r8bAiHr8LiXiBtb2FXyu2Y4E-ikrZ0gcFxCic67otw7g0UexMUfEjdk0yhu4zXwivh7lqxgjb5MEHyrrqfSLr8g6aVPiqysPjKYvXg
test.auth.verilyme.com,https://test.auth.verilyme.com,200,87947,2,https://verilyme.com/,https://test.auth.verilyme.com -> https://auth.verilyme.com/
test.click.verilyme.com,https://test.click.verilyme.com,200,909010,2,https://accounts.google.com/v3/signin/identifier?opparams=%253Fcred_ref%253Dtrue%2526hd%253Dverily.health&dsh=S-233382519:1776515111394415&client_id=369001918367-t5qrahnqdaasaifvk6akpqkpjk9vli58.apps.googleusercontent.com&code_challenge=JP2Ki260v3MmO_DHfLQS3yGVOBXwdHBX2-Srg9nS9wM&code_challenge_method=S256&hd=verily.health&o2v=2&redirect_uri=https://iap.googleapis.com/v1/oauth/clientIds/369001918367-t5qrahnqdaasaifvk6akpqkpjk9vli58.apps.googleusercontent.com:handleRedirect&response_type=code&scope=openid+email&service=lso&state=AUKY-CwEuUiatTU1u3zDRyPdp3AV6Zi4uvES7T35d9wmFlj97kS4QhISt9bCPGvNLFStQu8GycLn7O8AtpSfHZI1rAjpKSmTQ9QM-uBe1FVtpvuJzV0tec7oe4fjk5nVlJ5UzfU-wWE5wQasyfCihb5OkVHkfAawi5Uca_zIfBEDKwP7uyjOKwrsCBQeAa9NWoyOo1iz0AFxWNHQ1LwhBvap7a3t5-IsxYNHM1paBU1y9uurLDJb-qiiOzmlFGJ3k5bgawvt4PdiN_3fui1PBCQDg5TIkbp7zHT7FGJP5RLj4gDY14qmRHR55hlKQJnP5yhh3DKOdMQ-M1tBKlI4VCGjQ-10Bbfzx4qriSIFDEEkLzOWf-v9-fg1lnel9otNCJxYG8BHthvTsFALFpRt2TtEehWKFA9eJD0g0lQ9mCyG84JNjXj9c85AOZSHMd7nrkKMF_ldf5wodd-8dJONisBkbuYdeRwkZz9ql_SFVvlkTvZdMW6q6hILfnp9FTIIQp4lApFdxsfEio5R1WThDD5K4TvvBxXl3uqYTH0ahfRc0MDQshMPop83gnmsD7fyUgHSZ0q3ICGM2EADSmU_LtOWXXKVEu14dAsNqB85taUDwI_2veejd-DIqrBwLEvr07zzkc73sBJm7hQ38XTwh2-tmjOl1GZXqIO_Hh98N59XFXe2mMKU_v3mY8iIZrsnmVpUYSOBwnc9yu9-gDbnTGYIEfkOXdj5V1DyE2lpLjNLQd-IkWINwGyWwhlrav-z--_JQcJu9324H9Ma39nU0a-E8pJfl0JjRbfysrGsUWQVFtq751hGt5Z_-SBFQtg3gf0vLAF3xwyL33ao-Che6HfIth_IR43oVbRPy6O7qs3eruzkimN_KhUqiynff-2_tm6p3KToGmCTTMqEJzE2m3ZWEKUHIWY65cAyWALDj4C3XAXKHN8rg0qumlm_GpLfMjLGhoN9Px0gvYFnv9S3iO4XtJNarDmkJnlF55_dfUUfSGMQorA1-y-tTvNpVDTkpEnzNoDy_U1q8mRCD32cJAwojMwKcQfHpdIVbCG8boBJH1-l-dHLILOD7xyRodar97eB70v8VfTSgfhy7XfV69Byx1CwM9dAbckrgdpQzGHu-uhFOyKby4Hi-TsYhVfCJOWVvpZCUqgjYsOhLk3wp1DE1yNR&flowName=GeneralOAuthLite&continue=https://accounts.google.com/signin/oauth/legacy/consent?authuser%3Dunknown%26part%3DAJi8hANwygP5glGsI9FW97RxPjNKtW8ttCVxAh4oNozAswrAv7Ui-XllEQxeloqsZ6RzG7OdbOkCiCmMafWWMka_e6BFql11Jh1m_gJK6kIE2K9DPV1m2Lm3dxyNCCB9VoJZv3_bH0EIXZ3qLpgAsztjUMbAtTHavl_W-b-OrlLYK-DWy3ohj-TqiBDIvxeu-wUpe8oIUGIV3r7lQ1N2PW4PdmHERaLluxXCNyvW8QL6F-OULNzcmgSruLPibiiXITs5yK9Lpnl_7Hlmpd2AwtHkcz94wDONk4BwXAb4-kKIghNlzSRK8xbkDjg4gPrC9NwOYJD1wdqtCQJf-K5NiArAhpHpDP3U-_4Y-QfTuwBAbJoRv-9437_2lOM1QAG7Gt62KN9HKzdUsjV0zxf-7NJJXQdTgtS99QMUgR8IE7evdYBtOYuj2-dMqbVnn8LaAeCWkcw90ogTUs8bQg-nWk5RkT60_qU7mg%26flowName%3DGeneralOAuthFlow%26as%3DS-233382519%253A1776515111394415%26client_id%3D369001918367-t5qrahnqdaasaifvk6akpqkpjk9vli58.apps.googleusercontent.com%23&app_domain=https://iap.googleapis.com&rart=ANgoxccfdDbAOVyMO0dmjK9qd6MEDgaPi7hCuNYbOKL0qOzJfbEv4BPZjDmm1dCc2Wg39VmgpZaGQ-7rICZuh7BxeFHbrCZzIIP3-WyZEEqUeD8bB700q5w,https://test.click.verilyme.com -> https://accounts.google.com/o/oauth2/v2/auth?hd=verily.health&client_id=369001918367-t5qrahnqdaasaifvk6akpqkpjk9vli58.apps.googleusercontent.com&response_type=code&scope=openid+email&redirect_uri=https://iap.googleapis.com/v1/oauth/clientIds/369001918367-t5qrahnqdaasaifvk6akpqkpjk9vli58.apps.googleusercontent.com:handleRedirect&code_challenge=JP2Ki260v3MmO_DHfLQS3yGVOBXwdHBX2-Srg9nS9wM&code_challenge_method=S256&cred_ref=true&state=AUKY-CwEuUiatTU1u3zDRyPdp3AV6Zi4uvES7T35d9wmFlj97kS4QhISt9bCPGvNLFStQu8GycLn7O8AtpSfHZI1rAjpKSmTQ9QM-uBe1FVtpvuJzV0tec7oe4fjk5nVlJ5UzfU-wWE5wQasyfCihb5OkVHkfAawi5Uca_zIfBEDKwP7uyjOKwrsCBQeAa9NWoyOo1iz0AFxWNHQ1LwhBvap7a3t5-IsxYNHM1paBU1y9uurLDJb-qiiOzmlFGJ3k5bgawvt4PdiN_3fui1PBCQDg5TIkbp7zHT7FGJP5RLj4gDY14qmRHR55hlKQJnP5yhh3DKOdMQ-M1tBKlI4VCGjQ-10Bbfzx4qriSIFDEEkLzOWf-v9-fg1lnel9otNCJxYG8BHthvTsFALFpRt2TtEehWKFA9eJD0g0lQ9mCyG84JNjXj9c85AOZSHMd7nrkKMF_ldf5wodd-8dJONisBkbuYdeRwkZz9ql_SFVvlkTvZdMW6q6hILfnp9FTIIQp4lApFdxsfEio5R1WThDD5K4TvvBxXl3uqYTH0ahfRc0MDQshMPop83gnmsD7fyUgHSZ0q3ICGM2EADSmU_LtOWXXKVEu14dAsNqB85taUDwI_2veejd-DIqrBwLEvr07zzkc73sBJm7hQ38XTwh2-tmjOl1GZXqIO_Hh98N59XFXe2mMKU_v3mY8iIZrsnmVpUYSOBwnc9yu9-gDbnTGYIEfkOXdj5V1DyE2lpLjNLQd-IkWINwGyWwhlrav-z--_JQcJu9324H9Ma39nU0a-E8pJfl0JjRbfysrGsUWQVFtq751hGt5Z_-SBFQtg3gf0vLAF3xwyL33ao-Che6HfIth_IR43oVbRPy6O7qs3eruzkimN_KhUqiynff-2_tm6p3KToGmCTTMqEJzE2m3ZWEKUHIWY65cAyWALDj4C3XAXKHN8rg0qumlm_GpLfMjLGhoN9Px0gvYFnv9S3iO4XtJNarDmkJnlF55_dfUUfSGMQorA1-y-tTvNpVDTkpEnzNoDy_U1q8mRCD32cJAwojMwKcQfHpdIVbCG8boBJH1-l-dHLILOD7xyRodar97eB70v8VfTSgfhy7XfV69Byx1CwM9dAbckrgdpQzGHu-uhFOyKby4Hi-TsYhVfCJOWVvpZCUqgjYsOhLk3wp1DE1yNR
test.enroll.verilyme.com,https://test.enroll.verilyme.com,200,908442,2,https://accounts.google.com/v3/signin/identifier?opparams=%253Fcred_ref%253Dtrue%2526hd%253Dverily.health&dsh=S1326652531:1776515111445986&client_id=369001918367-t5qrahnqdaasaifvk6akpqkpjk9vli58.apps.googleusercontent.com&code_challenge=ufEFyZTtIvOUFbusgWWt496MIJHnAdnIjnuklyf9M-4&code_challenge_method=S256&hd=verily.health&o2v=2&redirect_uri=https://iap.googleapis.com/v1/oauth/clientIds/369001918367-t5qrahnqdaasaifvk6akpqkpjk9vli58.apps.googleusercontent.com:handleRedirect&response_type=code&scope=openid+email&service=lso&state=AUKY-CwEcccNDWPWTNl1vBlzgCOArjhjXKDK9C9saZOL5LOZGuZaQRtp5bJUMhXIozlI_LN-PBwEIo8SlkpnwzFeGlk6n55CN1q8sx-ElU6R-X359CtEJiMeTL9u-oQ8pKEBUX2VAuPIC8KWzgCRQlF5hQe2fVE4YTFew-Wp_DwxaIivm7l83SAZahvpisgvhiJG9S8C8XTFKwK1IxscKTJLW77KLTCDxqo5qsXtE2Q1Xyl1IJ6EYqzzHwJaBB3yN6PhTN7pphMtX1Bt-sGpCMR09Uo3JxfGIbMqT42cplxjGIkACevd3fIN2Xe-rImK2Ovo9cVuzT2ZFeWE9Drr-CgvatKbxtLJLA4y9bqmm6WTXFVQEpmMGViAw1qLy4Ze9jNo_yXU0hc3qlQvSiC3Tyhb0bjdMK4J1IYU8ZZ9VP-c4bnLkAYj_1n1Ve22iGXPSSsR2YQJG1L78Kf5T2P3kpElLBVm2y1qPWDGDdIqUlpI5XCfNeGUOPKNLF8PXALDi_HVWKTzDiQ3nBuZhZBHN48Ia6EKOuUkkBYGx2GdChxvwX9Rt3LCQptiQmng2LelC6VhffJ9o8hmprzzxsjuynMEvqatBmuSNKRNjxtYNSEGwsdu9snnqSVeoiVH6JaDhwQGnLFNOtOJqAHqw8CfhnHZmocNpUMroEAgLE5Kjyzj737O3Vfi2T3cO-uxNoM-_T718FM0WQbNNvzDuYdiMuHFIGed5oP_DxY0c3G5Vz9SSgNgvJJVzdyjEA38OlZ1OBCofRfQ7AaxdbFuSjHKa2wS5aqAJm6frTxdWyYVZhr0IyYW1mMZZZjHt5UKLk1I95TIAbi1iPzYuW0AENuE0efvFYr4GcvzsKLcdXEo4s9uaLglqxko3W7grw48HPCFeOqwccn9yh8Y1od6aXPdbCcQdqKYtWsW0hJNdOKCYblNs8eRbe-hmcSgxklMYr0AeBWLbAV8MZHyWTzzjEc7qiYF7IJI-_TodPvp-hG_IbkurCSU--GlE8942hjNGLXqu7fx0liKZ3koru9NOfdgaSeSOEaXOpJ5cnDIYflyx0iALm07wONY0VDYkBjbUMp_Cpa9AdDJpJZDc1wpfqdbaK58A0h5SqRQ4s5yR7KG08ogmyqeveW6c1jWImbrw7h_aERvrhv0OSYbG7IsNzTdFDJMbzZIeComEA&flowName=GeneralOAuthLite&continue=https://accounts.google.com/signin/oauth/legacy/consent?authuser%3Dunknown%26part%3DAJi8hAOTwWBhKYViQD-z68Mzpr5Z2JtyjFgV9aBCBD-skxsmgjBvBAFHTEPlPQX5WBhn3N9vmVIN2oBfJYuLnu8AbaXDSPyINRu9oSfhoTdICNIORZY_5ACm3MUYWU6RdyDdmYSrH3SCnUAQ0RAbWXsUt_xmUEW-Um14wjprtYXkrVRdqVha9N3zALzklI2HA0fVTpxRbWDVVUCcrSsiKLUDt_otAL6pQnTZ3-AQD_3DldwcoRARhc1CmcRy2m_E0qOvb3GvXm4IjUlc81M181ttYI_WXKkxvEn-HwgfwZqggjcpyGaleJ4V4mX9rZZQLYQUP_DRXzY6IsyRJLJFkxJiJNL1dur5PAHjxzxxxN6jv6ycusFFJAf0Sl17dgd6XN8CochPx95vOnFK3QtsagefBd6v5tpQY3xlRmf-q2WAs7cgnkLTYF7v_zgbQB4imLBxuEh-GX3WXKtbBajHGLOiGw0rn4G_SQ%26flowName%3DGeneralOAuthFlow%26as%3DS1326652531%253A1776515111445986%26client_id%3D369001918367-t5qrahnqdaasaifvk6akpqkpjk9vli58.apps.googleusercontent.com%23&app_domain=https://iap.googleapis.com&rart=ANgoxcdHC43SgFfo6FuKSrF-KwDvvJsclGBK21LpvQC8Qs5NiJQeFc2JGwp19Mnp7e7VkDd2KF1lz0vmjy6Uqo-h8YiXusP58p0HzRjC80cywuBooDmwGbg,https://test.enroll.verilyme.com -> https://accounts.google.com/o/oauth2/v2/auth?hd=verily.health&client_id=369001918367-t5qrahnqdaasaifvk6akpqkpjk9vli58.apps.googleusercontent.com&response_type=code&scope=openid+email&redirect_uri=https://iap.googleapis.com/v1/oauth/clientIds/369001918367-t5qrahnqdaasaifvk6akpqkpjk9vli58.apps.googleusercontent.com:handleRedirect&code_challenge=ufEFyZTtIvOUFbusgWWt496MIJHnAdnIjnuklyf9M-4&code_challenge_method=S256&cred_ref=true&state=AUKY-CwEcccNDWPWTNl1vBlzgCOArjhjXKDK9C9saZOL5LOZGuZaQRtp5bJUMhXIozlI_LN-PBwEIo8SlkpnwzFeGlk6n55CN1q8sx-ElU6R-X359CtEJiMeTL9u-oQ8pKEBUX2VAuPIC8KWzgCRQlF5hQe2fVE4YTFew-Wp_DwxaIivm7l83SAZahvpisgvhiJG9S8C8XTFKwK1IxscKTJLW77KLTCDxqo5qsXtE2Q1Xyl1IJ6EYqzzHwJaBB3yN6PhTN7pphMtX1Bt-sGpCMR09Uo3JxfGIbMqT42cplxjGIkACevd3fIN2Xe-rImK2Ovo9cVuzT2ZFeWE9Drr-CgvatKbxtLJLA4y9bqmm6WTXFVQEpmMGViAw1qLy4Ze9jNo_yXU0hc3qlQvSiC3Tyhb0bjdMK4J1IYU8ZZ9VP-c4bnLkAYj_1n1Ve22iGXPSSsR2YQJG1L78Kf5T2P3kpElLBVm2y1qPWDGDdIqUlpI5XCfNeGUOPKNLF8PXALDi_HVWKTzDiQ3nBuZhZBHN48Ia6EKOuUkkBYGx2GdChxvwX9Rt3LCQptiQmng2LelC6VhffJ9o8hmprzzxsjuynMEvqatBmuSNKRNjxtYNSEGwsdu9snnqSVeoiVH6JaDhwQGnLFNOtOJqAHqw8CfhnHZmocNpUMroEAgLE5Kjyzj737O3Vfi2T3cO-uxNoM-_T718FM0WQbNNvzDuYdiMuHFIGed5oP_DxY0c3G5Vz9SSgNgvJJVzdyjEA38OlZ1OBCofRfQ7AaxdbFuSjHKa2wS5aqAJm6frTxdWyYVZhr0IyYW1mMZZZjHt5UKLk1I95TIAbi1iPzYuW0AENuE0efvFYr4GcvzsKLcdXEo4s9uaLglqxko3W7grw48HPCFeOqwccn9yh8Y1od6aXPdbCcQdqKYtWsW0hJNdOKCYblNs8eRbe-hmcSgxklMYr0AeBWLbAV8MZHyWTzzjEc7qiYF7IJI-_TodPvp-hG_IbkurCSU--GlE8942hjNGLXqu7fx0liKZ3koru9NOfdgaSeSOEaXOpJ5cnDIYflyx0iALm07wONY0VDYkBjbUMp_Cpa9AdDJpJZDc1wpfqdbaK58A0h5SqRQ4s5yR7KG08ogmyqeveW6c1jWImbrw7h_aERvrhv0OSYbG7IsNzTdFDJMbzZIeComEA
test.login.verilyme.com,https://test.login.verilyme.com,200,908606,3,https://accounts.google.com/v3/signin/identifier?opparams=%253Fcred_ref%253Dtrue%2526hd%253Dverily.health&dsh=S1126182770:1776515111447560&client_id=369001918367-t5qrahnqdaasaifvk6akpqkpjk9vli58.apps.googleusercontent.com&code_challenge=DoQbesS3VxGFaRC56TwIiLXo04ESyBDfAfVfv-B887E&code_challenge_method=S256&hd=verily.health&o2v=2&redirect_uri=https://iap.googleapis.com/v1/oauth/clientIds/369001918367-t5qrahnqdaasaifvk6akpqkpjk9vli58.apps.googleusercontent.com:handleRedirect&response_type=code&scope=openid+email&service=lso&state=AUKY-CwETOf6kQWfQ7KlEcsCuH5UlKGLk0bzrRkjPyCiXrw9G7UD9Kz8YGWHn50dDNyjZJotm4el0SaScueBpuVNHRtTv_X_pK-cc-LzKPFrjEV51qp1vV-4HJHd5EvWZRgeOihqJ9JkH-lBYNSJpwn9ZaHoWRL_BmxSgW98GX1tPLdDpRTAPbMZ5OtFTrUaH1xRFcleuvK6yueKudgFxpW8WH8uGiAmO-6c7ZPccz8rbPJzfwT5Vym6rilCA3wt0O_Eh3069dbzgvxh0v-7EX2s9foOwTXYjOUWWvq3SfrO1hruV70E4RQgPpvGXVuYaF76aQZd7nXz8q-leVfo0Q7d8CX1UYK0AHsDSfy-C8kYxKMqZDA-cWPB9pf46J-Wtf5o_NBhjj_7veQZC1gksqCWGuV-Vn0PucfsMfJG1kCUxcfFjZ1DXMtsHR-Wc6eH63bdxf_ajo8NXvqymUmDMGqkHQ-MawkyVLnLuR_JfxY-JUytg5JWNYuTz_puK526UYkGP4gHFXI9DZTrSTQyUs0y8Yhq9PAV-mgwovGOYA75xzIPE17Zqnmpu6UW4bIP-AUJcLZZHJJsRHM1_1upLVQWz2v7pF9mKLwq8OZypMqAag5nUbnHXB6wA2Rr4xO971WexMwCPAWcX6foMbfPxSoJUDGU7cCL6Mm5JYnG9yzNXu3vaRBtiMOvGWv5O0Q9u9YOqpPUy66uTAcFO6noWU0V6qcQqMVREXP9hMTAqesZGm9nBbWpLVWvUyRJ6H-NduXLD8YImvfRtrP5zACpAQ-2YzUDAk8rmZQZv-CSXGxg7TNZ0cstWMO4ATNPrZpwttTiFpxbqaj5p3AnztoQVl8-E1ngoG8HpXwCY4Dl065NWoCI3XAY_5ddtEGus3KIMhQiA50GTNgks6EyBfmrQ_--jH_Vl1oMzG-DVhxE859zuxltSJWjkwf4gv6GIJe447qJSehFjsBhD-TpPlTRDsIt30Q-TprFuHRT_wpPRMG9lY2c-H9DLB7aeKaXRLHJ5qoJugnmR2YNTGug8qtrFTVBVV3CFiK7yjT241wo5V_7YAbP555GUXTM5BCYrchWho2KknoqTRBWNAgBNc-txYJa8-bwbTwb2BzfqH3XjSERaDMlXMeyoI3q3ujfQ4P97isZ6L-r_jUxpHbvEQ&flowName=GeneralOAuthLite&continue=https://accounts.google.com/signin/oauth/legacy/consent?authuser%3Dunknown%26part%3DAJi8hAO2HlSxrFnGhB56Nf8UhWuVlE7N4Ct_olJ84paAKGJ3niHS1pqOUwosYB4nak-uLdoXgod0gJ3SbHsjb_Z7vwJkdVy4ZbIzGMFO3SRG6BVduGuBs4FJjSaroNDi-_gf6UgmnyUXjUltgWRYgSclo_P0Djn2yC6L8wE-3JPz0iAfEG3CxexJ7SRzxgncz8_BRzXnNz4K7DxyZ_tylojzLisrScVKv9ydRO19HOxjevWLqLssplcBvLhz8kEYioxi-7dU5omDzeP_07gRfwWqrDlPWKJRDPN8x2vvRjAPGNOqW7DcJ7ZAHI-KYBRTZT2EJ_k0DK6N_i920o5u_l39rFebB8ypS4z6T_1TUcX7SOA-ZpkXD-aJZnTuoU4tONFZ2yf7e_3p2kUmfJJcxkOWWF4VTHX_hWndu22UGH_zaG4KwUy3okOPz-RcN9mghKR_MTZi9xwDBiTebg38ih9UL5P2vEEG-w%26flowName%3DGeneralOAuthFlow%26as%3DS1126182770%253A1776515111447560%26client_id%3D369001918367-t5qrahnqdaasaifvk6akpqkpjk9vli58.apps.googleusercontent.com%23&app_domain=https://iap.googleapis.com&rart=ANgoxcdvGSurRoURNRDyxf4YQiedR4c14DBSiJK0-Ur9oKJVBuGq1HBDnyzoOO901ufyJ0IQ_p65mhOiPD0RH1Cln5v0AbDSS4qPanwmed6M0LQRg2VGtZs,https://test.login.verilyme.com -> https://test.app.verilyme.com/ -> https://accounts.google.com/o/oauth2/v2/auth?hd=verily.health&client_id=369001918367-t5qrahnqdaasaifvk6akpqkpjk9vli58.apps.googleusercontent.com&response_type=code&scope=openid+email&redirect_uri=https://iap.googleapis.com/v1/oauth/clientIds/369001918367-t5qrahnqdaasaifvk6akpqkpjk9vli58.apps.googleusercontent.com:handleRedirect&code_challenge=DoQbesS3VxGFaRC56TwIiLXo04ESyBDfAfVfv-B887E&code_challenge_method=S256&cred_ref=true&state=AUKY-CwETOf6kQWfQ7KlEcsCuH5UlKGLk0bzrRkjPyCiXrw9G7UD9Kz8YGWHn50dDNyjZJotm4el0SaScueBpuVNHRtTv_X_pK-cc-LzKPFrjEV51qp1vV-4HJHd5EvWZRgeOihqJ9JkH-lBYNSJpwn9ZaHoWRL_BmxSgW98GX1tPLdDpRTAPbMZ5OtFTrUaH1xRFcleuvK6yueKudgFxpW8WH8uGiAmO-6c7ZPccz8rbPJzfwT5Vym6rilCA3wt0O_Eh3069dbzgvxh0v-7EX2s9foOwTXYjOUWWvq3SfrO1hruV70E4RQgPpvGXVuYaF76aQZd7nXz8q-leVfo0Q7d8CX1UYK0AHsDSfy-C8kYxKMqZDA-cWPB9pf46J-Wtf5o_NBhjj_7veQZC1gksqCWGuV-Vn0PucfsMfJG1kCUxcfFjZ1DXMtsHR-Wc6eH63bdxf_ajo8NXvqymUmDMGqkHQ-MawkyVLnLuR_JfxY-JUytg5JWNYuTz_puK526UYkGP4gHFXI9DZTrSTQyUs0y8Yhq9PAV-mgwovGOYA75xzIPE17Zqnmpu6UW4bIP-AUJcLZZHJJsRHM1_1upLVQWz2v7pF9mKLwq8OZypMqAag5nUbnHXB6wA2Rr4xO971WexMwCPAWcX6foMbfPxSoJUDGU7cCL6Mm5JYnG9yzNXu3vaRBtiMOvGWv5O0Q9u9YOqpPUy66uTAcFO6noWU0V6qcQqMVREXP9hMTAqesZGm9nBbWpLVWvUyRJ6H-NduXLD8YImvfRtrP5zACpAQ-2YzUDAk8rmZQZv-CSXGxg7TNZ0cstWMO4ATNPrZpwttTiFpxbqaj5p3AnztoQVl8-E1ngoG8HpXwCY4Dl065NWoCI3XAY_5ddtEGus3KIMhQiA50GTNgks6EyBfmrQ_--jH_Vl1oMzG-DVhxE859zuxltSJWjkwf4gv6GIJe447qJSehFjsBhD-TpPlTRDsIt30Q-TprFuHRT_wpPRMG9lY2c-H9DLB7aeKaXRLHJ5qoJugnmR2YNTGug8qtrFTVBVV3CFiK7yjT241wo5V_7YAbP555GUXTM5BCYrchWho2KknoqTRBWNAgBNc-txYJa8-bwbTwb2BzfqH3XjSERaDMlXMeyoI3q3ujfQ4P97isZ6L-r_jUxpHbvEQ
test.mobile.verilyme.com,https://test.mobile.verilyme.com,404,9,0,https://test.mobile.verilyme.com,-
tracking.test.app.verilyme.com,https://tracking.test.app.verilyme.com,404,19,0,https://tracking.test.app.verilyme.com,-
vercel-dev.verilyme.com,https://vercel-dev.verilyme.com,401,13220,0,https://vercel-dev.verilyme.com,-
vercel-stage.verilyme.com,https://vercel-stage.verilyme.com,401,13222,0,https://vercel-stage.verilyme.com,-
view.email.verilyme.com,https://view.email.verilyme.com,200,932,1,https://view.email.verilyme.com/Error.aspx,https://view.email.verilyme.com
www.verilyme.com,https://www.verilyme.com,200,87947,0,https://www.verilyme.com,-
